date,PRECTOTCORR,region_name,country,latitude,longitude
2020-01-01,1.5396313508972526,kandy,sri lanka,7.2906,80.6337
2020-01-02,5.836218595504761,kandy,sri lanka,7.2906,80.6337
2020-01-03,0.5915394052863121,kandy,sri lanka,7.2906,80.6337
2020-01-04,1.1183411814272404,kandy,sri lanka,7.2906,80.6337
2020-01-05,0.1105363480746746,kandy,sri lanka,7.2906,80.6337
2020-01-06,5.267539992928505,kandy,sri lanka,7.2906,80.6337
2020-01-07,4.545915126800537,kandy,sri lanka,7.2906,80.6337
2020-01-08,0.28979776361666154,kandy,sri lanka,7.2906,80.6337
2020-01-09,0.009573560555509175,kandy,sri lanka,7.2906,80.6337
2020-01-10,0.013310855138115585,kandy,sri lanka,7.2906,80.6337
2020-01-11,1.2815576861612499,kandy,sri lanka,7.2906,80.6337
2020-01-12,0.18432850192766637,kandy,sri lanka,7.2906,80.6337
2020-01-13,5.9291941503433754e-05,kandy,sri lanka,7.2906,80.6337
2020-01-14,1.4831379324675709e-05,kandy,sri lanka,7.2906,80.6337
2020-01-15,0.0001819303236061387,kandy,sri lanka,7.2906,80.6337
2020-01-16,2.875443734228611,kandy,sri lanka,7.2906,80.6337
2020-01-17,2.8812557458877563,kandy,sri lanka,7.2906,80.6337
2020-01-18,0.41556302458047867,kandy,sri lanka,7.2906,80.6337
2020-01-19,3.6184055730700493,kandy,sri lanka,7.2906,80.6337
2020-01-20,3.4070290625095367,kandy,sri lanka,7.2906,80.6337
2020-01-21,5.410176515579224,kandy,sri lanka,7.2906,80.6337
2020-01-22,9.582298994064331,kandy,sri lanka,7.2906,80.6337
2020-01-23,2.073984593153,kandy,sri lanka,7.2906,80.6337
2020-01-24,0.16734375385567546,kandy,sri lanka,7.2906,80.6337
2020-01-25,0.007503672895836644,kandy,sri lanka,7.2906,80.6337
2020-01-26,0.0,kandy,sri lanka,7.2906,80.6337
2020-01-27,0.0,kandy,sri lanka,7.2906,80.6337
2020-01-28,0.0,kandy,sri lanka,7.2906,80.6337
2020-01-29,0.0,kandy,sri lanka,7.2906,80.6337
2020-01-30,0.0,kandy,sri lanka,7.2906,80.6337
2020-01-31,0.0002050361316729976,kandy,sri lanka,7.2906,80.6337
2020-02-01,0.0008882456882020051,kandy,sri lanka,7.2906,80.6337
2020-02-02,0.0009970335213438375,kandy,sri lanka,7.2906,80.6337
2020-02-03,0.00023623235847480828,kandy,sri lanka,7.2906,80.6337
2020-02-04,0.0024158543965313584,kandy,sri lanka,7.2906,80.6337
2020-02-05,0.05291285924613476,kandy,sri lanka,7.2906,80.6337
2020-02-06,0.0007231879862956703,kandy,sri lanka,7.2906,80.6337
2020-02-07,1.036845409529974e-06,kandy,sri lanka,7.2906,80.6337
2020-02-08,3.927440622719658e-07,kandy,sri lanka,7.2906,80.6337
2020-02-09,2.286719613664445e-06,kandy,sri lanka,7.2906,80.6337
2020-02-10,0.0014453380572376773,kandy,sri lanka,7.2906,80.6337
2020-02-11,1.6422533750301227,kandy,sri lanka,7.2906,80.6337
2020-02-12,3.609904646873474,kandy,sri lanka,7.2906,80.6337
2020-02-13,0.858649704605341,kandy,sri lanka,7.2906,80.6337
2020-02-14,0.10332874953746796,kandy,sri lanka,7.2906,80.6337
2020-02-15,0.00933022383833304,kandy,sri lanka,7.2906,80.6337
2020-02-16,0.00041445564420428127,kandy,sri lanka,7.2906,80.6337
2020-02-17,5.545470415681264e-06,kandy,sri lanka,7.2906,80.6337
2020-02-18,3.5051650644490895e-08,kandy,sri lanka,7.2906,80.6337
2020-02-19,1.3563550282924552e-07,kandy,sri lanka,7.2906,80.6337
2020-02-20,8.215732726966962,kandy,sri lanka,7.2906,80.6337
2020-02-21,6.754767894744873,kandy,sri lanka,7.2906,80.6337
2020-02-22,1.300717145204544,kandy,sri lanka,7.2906,80.6337
2020-02-23,0.6990641355514526,kandy,sri lanka,7.2906,80.6337
2020-02-24,0.1267238985747099,kandy,sri lanka,7.2906,80.6337
2020-02-25,0.0,kandy,sri lanka,7.2906,80.6337
2020-02-26,0.0,kandy,sri lanka,7.2906,80.6337
2020-02-27,0.0,kandy,sri lanka,7.2906,80.6337
2020-02-28,6.392013318645695e-06,kandy,sri lanka,7.2906,80.6337
2020-02-29,2.105227991933134e-07,kandy,sri lanka,7.2906,80.6337
2020-03-01,0.0,kandy,sri lanka,7.2906,80.6337
2020-03-02,0.0002344081959537725,kandy,sri lanka,7.2906,80.6337
2020-03-03,6.12674514243166e-05,kandy,sri lanka,7.2906,80.6337
2020-03-04,8.10564787789847e-06,kandy,sri lanka,7.2906,80.6337
2020-03-05,0.19191448005813072,kandy,sri lanka,7.2906,80.6337
2020-03-06,8.417361974716187,kandy,sri lanka,7.2906,80.6337
2020-03-07,1.6566764563322067,kandy,sri lanka,7.2906,80.6337
2020-03-08,0.03148268492623174,kandy,sri lanka,7.2906,80.6337
2020-03-09,0.2575187638683474,kandy,sri lanka,7.2906,80.6337
2020-03-10,0.06955474451757482,kandy,sri lanka,7.2906,80.6337
2020-03-11,0.00047791172859135145,kandy,sri lanka,7.2906,80.6337
2020-03-12,0.00033326878536854565,kandy,sri lanka,7.2906,80.6337
2020-03-13,0.00042872481245126437,kandy,sri lanka,7.2906,80.6337
2020-03-14,0.004719778053186019,kandy,sri lanka,7.2906,80.6337
2020-03-15,0.0011554126103874296,kandy,sri lanka,7.2906,80.6337
2020-03-16,0.9647028346080333,kandy,sri lanka,7.2906,80.6337
2020-03-17,4.384124279022217,kandy,sri lanka,7.2906,80.6337
2020-03-18,1.174409408122301,kandy,sri lanka,7.2906,80.6337
2020-03-19,0.08995877578854561,kandy,sri lanka,7.2906,80.6337
2020-03-20,1.6618687539448729,kandy,sri lanka,7.2906,80.6337
2020-03-21,0.26874721342414654,kandy,sri lanka,7.2906,80.6337
2020-03-22,1.1654038498839725,kandy,sri lanka,7.2906,80.6337
2020-03-23,0.24644241202622652,kandy,sri lanka,7.2906,80.6337
2020-03-24,0.07861324857003638,kandy,sri lanka,7.2906,80.6337
2020-03-25,0.5225616734207961,kandy,sri lanka,7.2906,80.6337
2020-03-26,0.06090886745369062,kandy,sri lanka,7.2906,80.6337
2020-03-27,0.034512695856392384,kandy,sri lanka,7.2906,80.6337
2020-03-28,0.018431690477882512,kandy,sri lanka,7.2906,80.6337
2020-03-29,2.180875651538372,kandy,sri lanka,7.2906,80.6337
2020-03-30,3.1480953097343445,kandy,sri lanka,7.2906,80.6337
2020-03-31,0.10526799812957677,kandy,sri lanka,7.2906,80.6337
2020-04-01,0.06831917146132971,kandy,sri lanka,7.2906,80.6337
2020-04-02,0.004827915769567426,kandy,sri lanka,7.2906,80.6337
2020-04-03,0.8710031008376973,kandy,sri lanka,7.2906,80.6337
2020-04-04,5.609317123889923,kandy,sri lanka,7.2906,80.6337
2020-04-05,0.5579992197453976,kandy,sri lanka,7.2906,80.6337
2020-04-06,0.0608110218308866,kandy,sri lanka,7.2906,80.6337
2020-04-07,0.16338215209543705,kandy,sri lanka,7.2906,80.6337
2020-04-08,3.4844644367694855,kandy,sri lanka,7.2906,80.6337
2020-04-09,0.6225759163498878,kandy,sri lanka,7.2906,80.6337
2020-04-10,12.299661710858345,kandy,sri lanka,7.2906,80.6337
2020-04-11,0.9033679962158203,kandy,sri lanka,7.2906,80.6337
2020-04-12,6.408494710922241,kandy,sri lanka,7.2906,80.6337
2020-04-13,1.4648783951997757,kandy,sri lanka,7.2906,80.6337
2020-04-14,15.738102793693542,kandy,sri lanka,7.2906,80.6337
2020-04-15,6.574201583862305,kandy,sri lanka,7.2906,80.6337
2020-04-16,2.635873854160309,kandy,sri lanka,7.2906,80.6337
2020-04-17,14.517023786902428,kandy,sri lanka,7.2906,80.6337
2020-04-18,3.0039802193641663,kandy,sri lanka,7.2906,80.6337
2020-04-19,3.66830974817276,kandy,sri lanka,7.2906,80.6337
2020-04-20,0.6800087168812752,kandy,sri lanka,7.2906,80.6337
2020-04-21,0.9876430034637451,kandy,sri lanka,7.2906,80.6337
2020-04-22,4.110606014728546,kandy,sri lanka,7.2906,80.6337
2020-04-23,8.078411221504211,kandy,sri lanka,7.2906,80.6337
2020-04-24,8.699930179864168,kandy,sri lanka,7.2906,80.6337
2020-04-25,1.1564210057258606,kandy,sri lanka,7.2906,80.6337
2020-04-26,1.8042951822280884,kandy,sri lanka,7.2906,80.6337
2020-04-27,5.984826385974884,kandy,sri lanka,7.2906,80.6337
2020-04-28,1.3719331473112106,kandy,sri lanka,7.2906,80.6337
2020-04-29,0.4832535982131958,kandy,sri lanka,7.2906,80.6337
2020-04-30,4.032030701637268,kandy,sri lanka,7.2906,80.6337
2020-05-01,1.5766527503728867,kandy,sri lanka,7.2906,80.6337
2020-05-02,0.19627315923571587,kandy,sri lanka,7.2906,80.6337
2020-05-03,2.5504698045551777,kandy,sri lanka,7.2906,80.6337
2020-05-04,0.9497685357928276,kandy,sri lanka,7.2906,80.6337
2020-05-05,13.566519320011139,kandy,sri lanka,7.2906,80.6337
2020-05-06,11.254790425300598,kandy,sri lanka,7.2906,80.6337
2020-05-07,19.54214572906494,kandy,sri lanka,7.2906,80.6337
2020-05-08,4.911795258522034,kandy,sri lanka,7.2906,80.6337
2020-05-09,28.869742155075073,kandy,sri lanka,7.2906,80.6337
2020-05-10,14.253151416778564,kandy,sri lanka,7.2906,80.6337
2020-05-11,10.105524212121964,kandy,sri lanka,7.2906,80.6337
2020-05-12,9.862428903579712,kandy,sri lanka,7.2906,80.6337
2020-05-13,2.1796435117721558,kandy,sri lanka,7.2906,80.6337
2020-05-14,5.655719339847565,kandy,sri lanka,7.2906,80.6337
2020-05-15,29.253512620925903,kandy,sri lanka,7.2906,80.6337
2020-05-16,12.56527416408062,kandy,sri lanka,7.2906,80.6337
2020-05-17,16.910585202276707,kandy,sri lanka,7.2906,80.6337
2020-05-18,8.593448996543884,kandy,sri lanka,7.2906,80.6337
2020-05-19,5.300863087177277,kandy,sri lanka,7.2906,80.6337
2020-05-20,0.9057652205228806,kandy,sri lanka,7.2906,80.6337
2020-05-21,5.620592460036278,kandy,sri lanka,7.2906,80.6337
2020-05-22,3.939253091812134,kandy,sri lanka,7.2906,80.6337
2020-05-23,0.8346640504896641,kandy,sri lanka,7.2906,80.6337
2020-05-24,0.8543506264686584,kandy,sri lanka,7.2906,80.6337
2020-05-25,0.15272728633135557,kandy,sri lanka,7.2906,80.6337
2020-05-26,2.5722652673721313,kandy,sri lanka,7.2906,80.6337
2020-05-27,1.6370661556720734,kandy,sri lanka,7.2906,80.6337
2020-05-28,2.9197052121162415,kandy,sri lanka,7.2906,80.6337
2020-05-29,2.2550269961357117,kandy,sri lanka,7.2906,80.6337
2020-05-30,0.8805952034890652,kandy,sri lanka,7.2906,80.6337
2020-05-31,0.7130686193704605,kandy,sri lanka,7.2906,80.6337
2020-06-01,0.1140387263149023,kandy,sri lanka,7.2906,80.6337
2020-06-02,0.24651140556670725,kandy,sri lanka,7.2906,80.6337
2020-06-03,0.009041768498718739,kandy,sri lanka,7.2906,80.6337
2020-06-04,0.5730347693315707,kandy,sri lanka,7.2906,80.6337
2020-06-05,4.922007769346237,kandy,sri lanka,7.2906,80.6337
2020-06-06,12.983152270317078,kandy,sri lanka,7.2906,80.6337
2020-06-07,7.162705063819885,kandy,sri lanka,7.2906,80.6337
2020-06-08,1.1696742614731193,kandy,sri lanka,7.2906,80.6337
2020-06-09,0.5969138815999031,kandy,sri lanka,7.2906,80.6337
2020-06-10,5.3352221846580505,kandy,sri lanka,7.2906,80.6337
2020-06-11,1.567576825618744,kandy,sri lanka,7.2906,80.6337
2020-06-12,6.599655747413635,kandy,sri lanka,7.2906,80.6337
2020-06-13,0.6838057190179825,kandy,sri lanka,7.2906,80.6337
2020-06-14,0.7955901324748993,kandy,sri lanka,7.2906,80.6337
2020-06-15,0.7440615445375443,kandy,sri lanka,7.2906,80.6337
2020-06-16,0.4142432939261198,kandy,sri lanka,7.2906,80.6337
2020-06-17,0.7703103125095367,kandy,sri lanka,7.2906,80.6337
2020-06-18,0.337970070540905,kandy,sri lanka,7.2906,80.6337
2020-06-19,0.3842633217573166,kandy,sri lanka,7.2906,80.6337
2020-06-20,1.430247724056244,kandy,sri lanka,7.2906,80.6337
2020-06-21,0.6786927580833435,kandy,sri lanka,7.2906,80.6337
2020-06-22,0.2910766750574112,kandy,sri lanka,7.2906,80.6337
2020-06-23,0.025391607459823717,kandy,sri lanka,7.2906,80.6337
2020-06-24,18.786563684261637,kandy,sri lanka,7.2906,80.6337
2020-06-25,26.78845524787903,kandy,sri lanka,7.2906,80.6337
2020-06-26,6.078070029616356,kandy,sri lanka,7.2906,80.6337
2020-06-27,0.6262874230742455,kandy,sri lanka,7.2906,80.6337
2020-06-28,0.5046387668699026,kandy,sri lanka,7.2906,80.6337
2020-06-29,1.1369992978870869,kandy,sri lanka,7.2906,80.6337
2020-06-30,0.7969211786985397,kandy,sri lanka,7.2906,80.6337
2020-07-01,0.1098578330129385,kandy,sri lanka,7.2906,80.6337
2020-07-02,0.9819382801651955,kandy,sri lanka,7.2906,80.6337
2020-07-03,0.9294030256569386,kandy,sri lanka,7.2906,80.6337
2020-07-04,0.016686473131244384,kandy,sri lanka,7.2906,80.6337
2020-07-05,0.031210854649543762,kandy,sri lanka,7.2906,80.6337
2020-07-06,1.6849230509251356,kandy,sri lanka,7.2906,80.6337
2020-07-07,0.41886381804943085,kandy,sri lanka,7.2906,80.6337
2020-07-08,2.6679170317947865,kandy,sri lanka,7.2906,80.6337
2020-07-09,14.670369029045105,kandy,sri lanka,7.2906,80.6337
2020-07-10,10.027974843978882,kandy,sri lanka,7.2906,80.6337
2020-07-11,1.5288591384887695,kandy,sri lanka,7.2906,80.6337
2020-07-12,1.090574450790882,kandy,sri lanka,7.2906,80.6337
2020-07-13,0.1814279705286026,kandy,sri lanka,7.2906,80.6337
2020-07-14,0.5317747592926025,kandy,sri lanka,7.2906,80.6337
2020-07-15,4.207132011651993,kandy,sri lanka,7.2906,80.6337
2020-07-16,3.3045217394828796,kandy,sri lanka,7.2906,80.6337
2020-07-17,1.2794991955161095,kandy,sri lanka,7.2906,80.6337
2020-07-18,8.50858919438906,kandy,sri lanka,7.2906,80.6337
2020-07-19,5.698956549167633,kandy,sri lanka,7.2906,80.6337
2020-07-20,6.723962724208832,kandy,sri lanka,7.2906,80.6337
2020-07-21,0.6200345233082771,kandy,sri lanka,7.2906,80.6337
2020-07-22,0.5684338510036469,kandy,sri lanka,7.2906,80.6337
2020-07-23,5.301325768232346,kandy,sri lanka,7.2906,80.6337
2020-07-24,0.3027769736945629,kandy,sri lanka,7.2906,80.6337
2020-07-25,0.2845555543899536,kandy,sri lanka,7.2906,80.6337
2020-07-26,0.18828436732292175,kandy,sri lanka,7.2906,80.6337
2020-07-27,8.226514840498567,kandy,sri lanka,7.2906,80.6337
2020-07-28,7.76512585580349,kandy,sri lanka,7.2906,80.6337
2020-07-29,9.509299322962761,kandy,sri lanka,7.2906,80.6337
2020-07-30,0.7777140475809574,kandy,sri lanka,7.2906,80.6337
2020-07-31,1.1271581053733826,kandy,sri lanka,7.2906,80.6337
2020-08-01,6.412484496831894,kandy,sri lanka,7.2906,80.6337
2020-08-02,3.978976607322693,kandy,sri lanka,7.2906,80.6337
2020-08-03,1.707819476723671,kandy,sri lanka,7.2906,80.6337
2020-08-04,2.475115656852722,kandy,sri lanka,7.2906,80.6337
2020-08-05,4.883819818496704,kandy,sri lanka,7.2906,80.6337
2020-08-06,18.474331498146057,kandy,sri lanka,7.2906,80.6337
2020-08-07,4.117083549499512,kandy,sri lanka,7.2906,80.6337
2020-08-08,6.885525584220886,kandy,sri lanka,7.2906,80.6337
2020-08-09,3.8946613669395447,kandy,sri lanka,7.2906,80.6337
2020-08-10,1.143221603706479,kandy,sri lanka,7.2906,80.6337
2020-08-11,6.837286055088043,kandy,sri lanka,7.2906,80.6337
2020-08-12,0.27261707631518073,kandy,sri lanka,7.2906,80.6337
2020-08-13,0.00023826948734040343,kandy,sri lanka,7.2906,80.6337
2020-08-14,2.615872958244836e-05,kandy,sri lanka,7.2906,80.6337
2020-08-15,2.6097722383155997e-05,kandy,sri lanka,7.2906,80.6337
2020-08-16,1.0128264626985128e-05,kandy,sri lanka,7.2906,80.6337
2020-08-17,0.2106017559128759,kandy,sri lanka,7.2906,80.6337
2020-08-18,0.05315928305549278,kandy,sri lanka,7.2906,80.6337
2020-08-19,0.0006664922693744302,kandy,sri lanka,7.2906,80.6337
2020-08-20,0.00024845617403457254,kandy,sri lanka,7.2906,80.6337
2020-08-21,0.00023276571710084681,kandy,sri lanka,7.2906,80.6337
2020-08-22,1.4153535405057482,kandy,sri lanka,7.2906,80.6337
2020-08-23,2.705105021595955,kandy,sri lanka,7.2906,80.6337
2020-08-24,0.3846902749501169,kandy,sri lanka,7.2906,80.6337
2020-08-25,3.883332438999787,kandy,sri lanka,7.2906,80.6337
2020-08-26,3.057168424129486,kandy,sri lanka,7.2906,80.6337
2020-08-27,6.681952625513077,kandy,sri lanka,7.2906,80.6337
2020-08-28,0.5255319178104401,kandy,sri lanka,7.2906,80.6337
2020-08-29,0.03460824955254793,kandy,sri lanka,7.2906,80.6337
2020-08-30,0.1745790126733482,kandy,sri lanka,7.2906,80.6337
2020-08-31,4.599257558584213,kandy,sri lanka,7.2906,80.6337
2020-09-01,0.0,kandy,sri lanka,7.2906,80.6337
2020-09-02,0.0,kandy,sri lanka,7.2906,80.6337
2020-09-03,0.0,kandy,sri lanka,7.2906,80.6337
2020-09-04,0.0,kandy,sri lanka,7.2906,80.6337
2020-09-05,0.0,kandy,sri lanka,7.2906,80.6337
2020-09-06,0.0,kandy,sri lanka,7.2906,80.6337
2020-09-07,0.0,kandy,sri lanka,7.2906,80.6337
2020-09-08,0.0,kandy,sri lanka,7.2906,80.6337
2020-09-09,0.0,kandy,sri lanka,7.2906,80.6337
2020-09-10,0.0,kandy,sri lanka,7.2906,80.6337
2020-09-11,0.0,kandy,sri lanka,7.2906,80.6337
2020-09-12,0.0,kandy,sri lanka,7.2906,80.6337
2020-09-13,0.0,kandy,sri lanka,7.2906,80.6337
2020-09-14,0.0,kandy,sri lanka,7.2906,80.6337
2020-09-15,0.0,kandy,sri lanka,7.2906,80.6337
2020-09-16,0.0,kandy,sri lanka,7.2906,80.6337
2020-09-17,0.0,kandy,sri lanka,7.2906,80.6337
2020-09-18,0.0,kandy,sri lanka,7.2906,80.6337
2020-09-19,0.0,kandy,sri lanka,7.2906,80.6337
2020-09-20,0.0,kandy,sri lanka,7.2906,80.6337
2020-09-21,0.0,kandy,sri lanka,7.2906,80.6337
2020-09-22,0.0,kandy,sri lanka,7.2906,80.6337
2020-09-23,0.0,kandy,sri lanka,7.2906,80.6337
2020-09-24,0.0,kandy,sri lanka,7.2906,80.6337
2020-09-25,0.0,kandy,sri lanka,7.2906,80.6337
2020-09-26,0.0,kandy,sri lanka,7.2906,80.6337
2020-09-27,0.0,kandy,sri lanka,7.2906,80.6337
2020-09-28,0.0,kandy,sri lanka,7.2906,80.6337
2020-09-29,0.0,kandy,sri lanka,7.2906,80.6337
2020-09-30,0.0,kandy,sri lanka,7.2906,80.6337
2020-10-01,0.12154252035543323,kandy,sri lanka,7.2906,80.6337
2020-10-02,1.1816698126494884,kandy,sri lanka,7.2906,80.6337
2020-10-03,0.9749159216880798,kandy,sri lanka,7.2906,80.6337
2020-10-04,0.08327426039613783,kandy,sri lanka,7.2906,80.6337
2020-10-05,0.004512571158343803,kandy,sri lanka,7.2906,80.6337
2020-10-06,0.20012402930413842,kandy,sri lanka,7.2906,80.6337
2020-10-07,0.004920043687661746,kandy,sri lanka,7.2906,80.6337
2020-10-08,1.0294770821928978,kandy,sri lanka,7.2906,80.6337
2020-10-09,2.6699379086494446,kandy,sri lanka,7.2906,80.6337
2020-10-10,2.9191553592681885,kandy,sri lanka,7.2906,80.6337
2020-10-11,5.451697111129761,kandy,sri lanka,7.2906,80.6337
2020-10-12,1.7929494380950928,kandy,sri lanka,7.2906,80.6337
2020-10-13,3.4025564789772034,kandy,sri lanka,7.2906,80.6337
2020-10-14,4.282039403915405,kandy,sri lanka,7.2906,80.6337
2020-10-15,3.954756259918213,kandy,sri lanka,7.2906,80.6337
2020-10-16,0.15978006645127607,kandy,sri lanka,7.2906,80.6337
2020-10-17,0.12455381801146359,kandy,sri lanka,7.2906,80.6337
2020-10-18,1.839524321258068,kandy,sri lanka,7.2906,80.6337
2020-10-19,0.34673835325520486,kandy,sri lanka,7.2906,80.6337
2020-10-20,0.59202890843153,kandy,sri lanka,7.2906,80.6337
2020-10-21,1.0683942586183548,kandy,sri lanka,7.2906,80.6337
2020-10-22,0.8896753191947937,kandy,sri lanka,7.2906,80.6337
2020-10-23,0.05760714411735535,kandy,sri lanka,7.2906,80.6337
2020-10-24,0.10536345653235912,kandy,sri lanka,7.2906,80.6337
2020-10-25,4.917717911303043,kandy,sri lanka,7.2906,80.6337
2020-10-26,3.1821928918361664,kandy,sri lanka,7.2906,80.6337
2020-10-27,3.1398609280586243,kandy,sri lanka,7.2906,80.6337
2020-10-28,0.4804917611181736,kandy,sri lanka,7.2906,80.6337
2020-10-29,0.7219379302114248,kandy,sri lanka,7.2906,80.6337
2020-10-30,20.880484208464622,kandy,sri lanka,7.2906,80.6337
2020-10-31,3.1745536252856255,kandy,sri lanka,7.2906,80.6337
2020-11-01,2.161800116300583,kandy,sri lanka,7.2906,80.6337
2020-11-02,3.1758159399032593,kandy,sri lanka,7.2906,80.6337
2020-11-03,15.404154360294342,kandy,sri lanka,7.2906,80.6337
2020-11-04,14.119899272918701,kandy,sri lanka,7.2906,80.6337
2020-11-05,12.598121166229248,kandy,sri lanka,7.2906,80.6337
2020-11-06,8.460867404937744,kandy,sri lanka,7.2906,80.6337
2020-11-07,6.266404688358307,kandy,sri lanka,7.2906,80.6337
2020-11-08,18.029379844665527,kandy,sri lanka,7.2906,80.6337
2020-11-09,29.462134838104248,kandy,sri lanka,7.2906,80.6337
2020-11-10,15.464141964912415,kandy,sri lanka,7.2906,80.6337
2020-11-11,17.031021416187286,kandy,sri lanka,7.2906,80.6337
2020-11-12,12.631219625473022,kandy,sri lanka,7.2906,80.6337
2020-11-13,7.485884428024292,kandy,sri lanka,7.2906,80.6337
2020-11-14,18.860650062561035,kandy,sri lanka,7.2906,80.6337
2020-11-15,14.305897057056427,kandy,sri lanka,7.2906,80.6337
2020-11-16,10.314112901687622,kandy,sri lanka,7.2906,80.6337
2020-11-17,10.716766119003296,kandy,sri lanka,7.2906,80.6337
2020-11-18,15.896031260490417,kandy,sri lanka,7.2906,80.6337
2020-11-19,0.8466996252536774,kandy,sri lanka,7.2906,80.6337
2020-11-20,7.737415283918381,kandy,sri lanka,7.2906,80.6337
2020-11-21,3.4645020961761475,kandy,sri lanka,7.2906,80.6337
2020-11-22,7.390344142913818,kandy,sri lanka,7.2906,80.6337
2020-11-23,4.11275178194046,kandy,sri lanka,7.2906,80.6337
2020-11-24,6.958870589733124,kandy,sri lanka,7.2906,80.6337
2020-11-25,4.225538671016693,kandy,sri lanka,7.2906,80.6337
2020-11-26,0.18253899179399014,kandy,sri lanka,7.2906,80.6337
2020-11-27,7.391001284122467,kandy,sri lanka,7.2906,80.6337
2020-11-28,2.5676216930150986,kandy,sri lanka,7.2906,80.6337
2020-11-29,0.9898339019855484,kandy,sri lanka,7.2906,80.6337
2020-11-30,1.6258947551250458,kandy,sri lanka,7.2906,80.6337
2020-12-01,19.299137592315674,kandy,sri lanka,7.2906,80.6337
2020-12-02,31.212544441223145,kandy,sri lanka,7.2906,80.6337
2020-12-03,19.711124897003174,kandy,sri lanka,7.2906,80.6337
2020-12-04,9.941178560256958,kandy,sri lanka,7.2906,80.6337
2020-12-05,4.073168244212866,kandy,sri lanka,7.2906,80.6337
2020-12-06,0.24776842910796404,kandy,sri lanka,7.2906,80.6337
2020-12-07,2.0160723477602005,kandy,sri lanka,7.2906,80.6337
2020-12-08,3.316095471382141,kandy,sri lanka,7.2906,80.6337
2020-12-09,1.930084079504013,kandy,sri lanka,7.2906,80.6337
2020-12-10,0.509343110024929,kandy,sri lanka,7.2906,80.6337
2020-12-11,0.13599269223050214,kandy,sri lanka,7.2906,80.6337
2020-12-12,0.17690208987914957,kandy,sri lanka,7.2906,80.6337
2020-12-13,0.010530021245358512,kandy,sri lanka,7.2906,80.6337
2020-12-14,0.2669440167665016,kandy,sri lanka,7.2906,80.6337
2020-12-15,3.9757495746016502,kandy,sri lanka,7.2906,80.6337
2020-12-16,0.9688608348369598,kandy,sri lanka,7.2906,80.6337
2020-12-17,5.406300723552704,kandy,sri lanka,7.2906,80.6337
2020-12-18,11.137349903583527,kandy,sri lanka,7.2906,80.6337
2020-12-19,15.384507179260254,kandy,sri lanka,7.2906,80.6337
2020-12-20,30.306601524353027,kandy,sri lanka,7.2906,80.6337
2020-12-21,44.16074752807617,kandy,sri lanka,7.2906,80.6337
2020-12-22,25.503194332122803,kandy,sri lanka,7.2906,80.6337
2020-12-23,10.736989974975586,kandy,sri lanka,7.2906,80.6337
2020-12-24,1.5968598425388336,kandy,sri lanka,7.2906,80.6337
2020-12-25,0.4611236974596977,kandy,sri lanka,7.2906,80.6337
2020-12-26,3.7115536630153656,kandy,sri lanka,7.2906,80.6337
2020-12-27,18.298298120498657,kandy,sri lanka,7.2906,80.6337
2020-12-28,23.29927682876587,kandy,sri lanka,7.2906,80.6337
2020-12-29,3.569016046822071,kandy,sri lanka,7.2906,80.6337
2020-12-30,8.963357470929623,kandy,sri lanka,7.2906,80.6337
2020-12-31,19.50046420097351,kandy,sri lanka,7.2906,80.6337
2021-01-01,7.958992570638657,kandy,sri lanka,7.2906,80.6337
2021-01-02,4.489481449127197,kandy,sri lanka,7.2906,80.6337
2021-01-03,6.755813956260681,kandy,sri lanka,7.2906,80.6337
2021-01-04,21.357719600200653,kandy,sri lanka,7.2906,80.6337
2021-01-05,9.748327732086182,kandy,sri lanka,7.2906,80.6337
2021-01-06,25.094331800937653,kandy,sri lanka,7.2906,80.6337
2021-01-07,3.622003924101591,kandy,sri lanka,7.2906,80.6337
2021-01-08,6.46701380610466,kandy,sri lanka,7.2906,80.6337
2021-01-09,14.55264687538147,kandy,sri lanka,7.2906,80.6337
2021-01-10,20.37765383720398,kandy,sri lanka,7.2906,80.6337
2021-01-11,28.072160482406616,kandy,sri lanka,7.2906,80.6337
2021-01-12,7.4166834354400635,kandy,sri lanka,7.2906,80.6337
2021-01-13,9.846121072769165,kandy,sri lanka,7.2906,80.6337
2021-01-14,18.693602085113525,kandy,sri lanka,7.2906,80.6337
2021-01-15,11.485138535499573,kandy,sri lanka,7.2906,80.6337
2021-01-16,1.6522105783224106,kandy,sri lanka,7.2906,80.6337
2021-01-17,2.08284929394722,kandy,sri lanka,7.2906,80.6337
2021-01-18,2.1996863186359406,kandy,sri lanka,7.2906,80.6337
2021-01-19,2.545228600502014,kandy,sri lanka,7.2906,80.6337
2021-01-20,1.3367174193263054,kandy,sri lanka,7.2906,80.6337
2021-01-21,0.458829989656806,kandy,sri lanka,7.2906,80.6337
2021-01-22,0.054333225125446916,kandy,sri lanka,7.2906,80.6337
2021-01-23,0.0006418327757273801,kandy,sri lanka,7.2906,80.6337
2021-01-24,4.1702932307430274e-05,kandy,sri lanka,7.2906,80.6337
2021-01-25,6.333615823993222e-06,kandy,sri lanka,7.2906,80.6337
2021-01-26,0.002994002716150135,kandy,sri lanka,7.2906,80.6337
2021-01-27,0.005734551086788997,kandy,sri lanka,7.2906,80.6337
2021-01-28,9.40727644119761,kandy,sri lanka,7.2906,80.6337
2021-01-29,12.395614385604858,kandy,sri lanka,7.2906,80.6337
2021-01-30,5.647873878479004,kandy,sri lanka,7.2906,80.6337
2021-01-31,10.932308435440063,kandy,sri lanka,7.2906,80.6337
2021-02-01,5.034130811691284,kandy,sri lanka,7.2906,80.6337
2021-02-02,6.172259151935577,kandy,sri lanka,7.2906,80.6337
2021-02-03,1.4649119228124619,kandy,sri lanka,7.2906,80.6337
2021-02-04,0.12851678766310215,kandy,sri lanka,7.2906,80.6337
2021-02-05,0.05076887318864465,kandy,sri lanka,7.2906,80.6337
2021-02-06,8.1090196268633,kandy,sri lanka,7.2906,80.6337
2021-02-07,3.1829774379730225,kandy,sri lanka,7.2906,80.6337
2021-02-08,4.205985367298126,kandy,sri lanka,7.2906,80.6337
2021-02-09,0.017478455623631817,kandy,sri lanka,7.2906,80.6337
2021-02-10,5.538981296483226e-05,kandy,sri lanka,7.2906,80.6337
2021-02-11,0.0016037121934431298,kandy,sri lanka,7.2906,80.6337
2021-02-12,0.01154198544099927,kandy,sri lanka,7.2906,80.6337
2021-02-13,1.8505389802157879,kandy,sri lanka,7.2906,80.6337
2021-02-14,0.8242864161729813,kandy,sri lanka,7.2906,80.6337
2021-02-15,0.12680593645200133,kandy,sri lanka,7.2906,80.6337
2021-02-16,0.002746366948258583,kandy,sri lanka,7.2906,80.6337
2021-02-17,0.0006482157914433628,kandy,sri lanka,7.2906,80.6337
2021-02-18,1.5574971679598093,kandy,sri lanka,7.2906,80.6337
2021-02-19,2.6970013976097107,kandy,sri lanka,7.2906,80.6337
2021-02-20,10.599741339683533,kandy,sri lanka,7.2906,80.6337
2021-02-21,3.6598674952983856,kandy,sri lanka,7.2906,80.6337
2021-02-22,1.501259207725525,kandy,sri lanka,7.2906,80.6337
2021-02-23,0.050214986549690366,kandy,sri lanka,7.2906,80.6337
2021-02-24,7.145301823038608,kandy,sri lanka,7.2906,80.6337
2021-02-25,0.5746566430389066,kandy,sri lanka,7.2906,80.6337
2021-02-26,1.715629878162872e-05,kandy,sri lanka,7.2906,80.6337
2021-02-27,0.0,kandy,sri lanka,7.2906,80.6337
2021-02-28,0.0,kandy,sri lanka,7.2906,80.6337
2021-03-01,0.005824646160590419,kandy,sri lanka,7.2906,80.6337
2021-03-02,0.001519940400490638,kandy,sri lanka,7.2906,80.6337
2021-03-03,0.002479763134033419,kandy,sri lanka,7.2906,80.6337
2021-03-04,0.001643451352606462,kandy,sri lanka,7.2906,80.6337
2021-03-05,0.018927568453364074,kandy,sri lanka,7.2906,80.6337
2021-03-06,9.100262029096484,kandy,sri lanka,7.2906,80.6337
2021-03-07,6.305712461471558,kandy,sri lanka,7.2906,80.6337
2021-03-08,9.040673822164536,kandy,sri lanka,7.2906,80.6337
2021-03-09,0.1589016057550907,kandy,sri lanka,7.2906,80.6337
2021-03-10,10.448136180639267,kandy,sri lanka,7.2906,80.6337
2021-03-11,4.735413193702698,kandy,sri lanka,7.2906,80.6337
2021-03-12,0.5596311762928963,kandy,sri lanka,7.2906,80.6337
2021-03-13,0.6957948789931834,kandy,sri lanka,7.2906,80.6337
2021-03-14,0.9914894588291645,kandy,sri lanka,7.2906,80.6337
2021-03-15,0.0031240531825460494,kandy,sri lanka,7.2906,80.6337
2021-03-16,0.03400302375666797,kandy,sri lanka,7.2906,80.6337
2021-03-17,0.028781831497326493,kandy,sri lanka,7.2906,80.6337
2021-03-18,2.6734004728496075,kandy,sri lanka,7.2906,80.6337
2021-03-19,1.634199544787407,kandy,sri lanka,7.2906,80.6337
2021-03-20,11.605757474899292,kandy,sri lanka,7.2906,80.6337
2021-03-21,4.9447763711214066,kandy,sri lanka,7.2906,80.6337
2021-03-22,0.18366866279393435,kandy,sri lanka,7.2906,80.6337
2021-03-23,0.6336282938718796,kandy,sri lanka,7.2906,80.6337
2021-03-24,3.544887900352478,kandy,sri lanka,7.2906,80.6337
2021-03-25,1.7561510496307164,kandy,sri lanka,7.2906,80.6337
2021-03-26,4.6582527458667755,kandy,sri lanka,7.2906,80.6337
2021-03-27,4.752985015511513,kandy,sri lanka,7.2906,80.6337
2021-03-28,18.681344389915466,kandy,sri lanka,7.2906,80.6337
2021-03-29,7.07225427031517,kandy,sri lanka,7.2906,80.6337
2021-03-30,2.4339135736227036,kandy,sri lanka,7.2906,80.6337
2021-03-31,0.006181389119863656,kandy,sri lanka,7.2906,80.6337
2021-04-01,0.0003904849563696189,kandy,sri lanka,7.2906,80.6337
2021-04-02,0.0014800725637087453,kandy,sri lanka,7.2906,80.6337
2021-04-03,0.0007156598258006852,kandy,sri lanka,7.2906,80.6337
2021-04-04,0.013432650575850857,kandy,sri lanka,7.2906,80.6337
2021-04-05,0.006867629044648993,kandy,sri lanka,7.2906,80.6337
2021-04-06,0.04954926043865271,kandy,sri lanka,7.2906,80.6337
2021-04-07,1.6787735628895462,kandy,sri lanka,7.2906,80.6337
2021-04-08,2.0942553877830505,kandy,sri lanka,7.2906,80.6337
2021-04-09,2.380366623401642,kandy,sri lanka,7.2906,80.6337
2021-04-10,5.4962486028671265,kandy,sri lanka,7.2906,80.6337
2021-04-11,17.10462123155594,kandy,sri lanka,7.2906,80.6337
2021-04-12,8.381527662277222,kandy,sri lanka,7.2906,80.6337
2021-04-13,4.9221619963645935,kandy,sri lanka,7.2906,80.6337
2021-04-14,28.829294443130493,kandy,sri lanka,7.2906,80.6337
2021-04-15,32.489705085754395,kandy,sri lanka,7.2906,80.6337
2021-04-16,10.207374393939972,kandy,sri lanka,7.2906,80.6337
2021-04-17,1.9396394491195679,kandy,sri lanka,7.2906,80.6337
2021-04-18,1.087966002523899,kandy,sri lanka,7.2906,80.6337
2021-04-19,0.4860866814851761,kandy,sri lanka,7.2906,80.6337
2021-04-20,0.5206536501646042,kandy,sri lanka,7.2906,80.6337
2021-04-21,0.6462950259447098,kandy,sri lanka,7.2906,80.6337
2021-04-22,3.315408155322075,kandy,sri lanka,7.2906,80.6337
2021-04-23,2.1378010511398315,kandy,sri lanka,7.2906,80.6337
2021-04-24,3.3088669180870056,kandy,sri lanka,7.2906,80.6337
2021-04-25,0.5294244736433029,kandy,sri lanka,7.2906,80.6337
2021-04-26,1.4873050153255463,kandy,sri lanka,7.2906,80.6337
2021-04-27,0.6545771844685078,kandy,sri lanka,7.2906,80.6337
2021-04-28,3.3624306321144104,kandy,sri lanka,7.2906,80.6337
2021-04-29,4.224009811878204,kandy,sri lanka,7.2906,80.6337
2021-04-30,8.356261253356934,kandy,sri lanka,7.2906,80.6337
2021-05-01,7.348796725273132,kandy,sri lanka,7.2906,80.6337
2021-05-02,10.649925470352173,kandy,sri lanka,7.2906,80.6337
2021-05-03,26.326847076416016,kandy,sri lanka,7.2906,80.6337
2021-05-04,12.924673408269882,kandy,sri lanka,7.2906,80.6337
2021-05-05,0.5021899938583374,kandy,sri lanka,7.2906,80.6337
2021-05-06,11.39524094760418,kandy,sri lanka,7.2906,80.6337
2021-05-07,14.02629017829895,kandy,sri lanka,7.2906,80.6337
2021-05-08,4.303755238652229,kandy,sri lanka,7.2906,80.6337
2021-05-09,5.651481449604034,kandy,sri lanka,7.2906,80.6337
2021-05-10,8.074951171875,kandy,sri lanka,7.2906,80.6337
2021-05-11,12.806300818920135,kandy,sri lanka,7.2906,80.6337
2021-05-12,6.4385756850242615,kandy,sri lanka,7.2906,80.6337
2021-05-13,18.43079924583435,kandy,sri lanka,7.2906,80.6337
2021-05-14,11.13639771938324,kandy,sri lanka,7.2906,80.6337
2021-05-15,1.912528183311224,kandy,sri lanka,7.2906,80.6337
2021-05-16,1.9377384334802628,kandy,sri lanka,7.2906,80.6337
2021-05-17,0.8138459175825119,kandy,sri lanka,7.2906,80.6337
2021-05-18,0.27671679854393005,kandy,sri lanka,7.2906,80.6337
2021-05-19,5.826334655284882,kandy,sri lanka,7.2906,80.6337
2021-05-20,9.090864658355713,kandy,sri lanka,7.2906,80.6337
2021-05-21,7.915681600570679,kandy,sri lanka,7.2906,80.6337
2021-05-22,13.192605972290039,kandy,sri lanka,7.2906,80.6337
2021-05-23,5.428361892700195,kandy,sri lanka,7.2906,80.6337
2021-05-24,19.107091426849365,kandy,sri lanka,7.2906,80.6337
2021-05-25,23.141026496887207,kandy,sri lanka,7.2906,80.6337
2021-05-26,17.826148867607117,kandy,sri lanka,7.2906,80.6337
2021-05-27,4.0381731174420565,kandy,sri lanka,7.2906,80.6337
2021-05-28,2.1810382604599,kandy,sri lanka,7.2906,80.6337
2021-05-29,0.5749180912971497,kandy,sri lanka,7.2906,80.6337
2021-05-30,0.17162449657917023,kandy,sri lanka,7.2906,80.6337
2021-05-31,0.15690084546804428,kandy,sri lanka,7.2906,80.6337
2021-06-01,0.0,kandy,sri lanka,7.2906,80.6337
2021-06-02,0.0,kandy,sri lanka,7.2906,80.6337
2021-06-03,0.0,kandy,sri lanka,7.2906,80.6337
2021-06-04,0.0,kandy,sri lanka,7.2906,80.6337
2021-06-05,0.0,kandy,sri lanka,7.2906,80.6337
2021-06-06,0.0,kandy,sri lanka,7.2906,80.6337
2021-06-07,0.0,kandy,sri lanka,7.2906,80.6337
2021-06-08,0.0,kandy,sri lanka,7.2906,80.6337
2021-06-09,0.0,kandy,sri lanka,7.2906,80.6337
2021-06-10,0.0,kandy,sri lanka,7.2906,80.6337
2021-06-11,0.0,kandy,sri lanka,7.2906,80.6337
2021-06-12,0.0,kandy,sri lanka,7.2906,80.6337
2021-06-13,0.0,kandy,sri lanka,7.2906,80.6337
2021-06-14,0.0,kandy,sri lanka,7.2906,80.6337
2021-06-15,0.0,kandy,sri lanka,7.2906,80.6337
2021-06-16,0.0,kandy,sri lanka,7.2906,80.6337
2021-06-17,0.0,kandy,sri lanka,7.2906,80.6337
2021-06-18,0.0,kandy,sri lanka,7.2906,80.6337
2021-06-19,0.0,kandy,sri lanka,7.2906,80.6337
2021-06-20,0.0,kandy,sri lanka,7.2906,80.6337
2021-06-21,0.0,kandy,sri lanka,7.2906,80.6337
2021-06-22,0.0,kandy,sri lanka,7.2906,80.6337
2021-06-23,0.0,kandy,sri lanka,7.2906,80.6337
2021-06-24,0.0,kandy,sri lanka,7.2906,80.6337
2021-06-25,0.0,kandy,sri lanka,7.2906,80.6337
2021-06-26,0.0,kandy,sri lanka,7.2906,80.6337
2021-06-27,0.0,kandy,sri lanka,7.2906,80.6337
2021-06-28,0.0,kandy,sri lanka,7.2906,80.6337
2021-06-29,0.0,kandy,sri lanka,7.2906,80.6337
2021-06-30,0.0,kandy,sri lanka,7.2906,80.6337
2021-07-01,0.0,kandy,sri lanka,7.2906,80.6337
2021-07-02,0.0,kandy,sri lanka,7.2906,80.6337
2021-07-03,0.0,kandy,sri lanka,7.2906,80.6337
2021-07-04,0.0,kandy,sri lanka,7.2906,80.6337
2021-07-05,0.0,kandy,sri lanka,7.2906,80.6337
2021-07-06,0.0,kandy,sri lanka,7.2906,80.6337
2021-07-07,0.0,kandy,sri lanka,7.2906,80.6337
2021-07-08,0.0,kandy,sri lanka,7.2906,80.6337
2021-07-09,0.0,kandy,sri lanka,7.2906,80.6337
2021-07-10,0.0,kandy,sri lanka,7.2906,80.6337
2021-07-11,0.0,kandy,sri lanka,7.2906,80.6337
2021-07-12,0.0,kandy,sri lanka,7.2906,80.6337
2021-07-13,0.0,kandy,sri lanka,7.2906,80.6337
2021-07-14,0.0,kandy,sri lanka,7.2906,80.6337
2021-07-15,0.0,kandy,sri lanka,7.2906,80.6337
2021-07-16,0.0,kandy,sri lanka,7.2906,80.6337
2021-07-17,0.0,kandy,sri lanka,7.2906,80.6337
2021-07-18,0.0,kandy,sri lanka,7.2906,80.6337
2021-07-19,0.0,kandy,sri lanka,7.2906,80.6337
2021-07-20,0.0,kandy,sri lanka,7.2906,80.6337
2021-07-21,0.0,kandy,sri lanka,7.2906,80.6337
2021-07-22,0.0,kandy,sri lanka,7.2906,80.6337
2021-07-23,0.0,kandy,sri lanka,7.2906,80.6337
2021-07-24,0.0,kandy,sri lanka,7.2906,80.6337
2021-07-25,0.0,kandy,sri lanka,7.2906,80.6337
2021-07-26,0.0,kandy,sri lanka,7.2906,80.6337
2021-07-27,0.0,kandy,sri lanka,7.2906,80.6337
2021-07-28,0.0,kandy,sri lanka,7.2906,80.6337
2021-07-29,0.0,kandy,sri lanka,7.2906,80.6337
2021-07-30,0.0,kandy,sri lanka,7.2906,80.6337
2021-07-31,0.0,kandy,sri lanka,7.2906,80.6337
2021-08-01,0.0,kandy,sri lanka,7.2906,80.6337
2021-08-02,0.0,kandy,sri lanka,7.2906,80.6337
2021-08-03,0.0,kandy,sri lanka,7.2906,80.6337
2021-08-04,0.0,kandy,sri lanka,7.2906,80.6337
2021-08-05,0.0,kandy,sri lanka,7.2906,80.6337
2021-08-06,0.0,kandy,sri lanka,7.2906,80.6337
2021-08-07,0.0,kandy,sri lanka,7.2906,80.6337
2021-08-08,0.0,kandy,sri lanka,7.2906,80.6337
2021-08-09,0.0,kandy,sri lanka,7.2906,80.6337
2021-08-10,0.0,kandy,sri lanka,7.2906,80.6337
2021-08-11,0.0,kandy,sri lanka,7.2906,80.6337
2021-08-12,0.0,kandy,sri lanka,7.2906,80.6337
2021-08-13,0.0,kandy,sri lanka,7.2906,80.6337
2021-08-14,0.0,kandy,sri lanka,7.2906,80.6337
2021-08-15,0.0,kandy,sri lanka,7.2906,80.6337
2021-08-16,0.0,kandy,sri lanka,7.2906,80.6337
2021-08-17,0.0,kandy,sri lanka,7.2906,80.6337
2021-08-18,0.0,kandy,sri lanka,7.2906,80.6337
2021-08-19,0.0,kandy,sri lanka,7.2906,80.6337
2021-08-20,0.0,kandy,sri lanka,7.2906,80.6337
2021-08-21,0.0,kandy,sri lanka,7.2906,80.6337
2021-08-22,0.0,kandy,sri lanka,7.2906,80.6337
2021-08-23,0.0,kandy,sri lanka,7.2906,80.6337
2021-08-24,0.0,kandy,sri lanka,7.2906,80.6337
2021-08-25,0.0,kandy,sri lanka,7.2906,80.6337
2021-08-26,0.0,kandy,sri lanka,7.2906,80.6337
2021-08-27,0.0,kandy,sri lanka,7.2906,80.6337
2021-08-28,0.0,kandy,sri lanka,7.2906,80.6337
2021-08-29,0.0,kandy,sri lanka,7.2906,80.6337
2021-08-30,0.0,kandy,sri lanka,7.2906,80.6337
2021-08-31,0.0,kandy,sri lanka,7.2906,80.6337
2021-09-01,0.0,kandy,sri lanka,7.2906,80.6337
2021-09-02,0.0,kandy,sri lanka,7.2906,80.6337
2021-09-03,0.0,kandy,sri lanka,7.2906,80.6337
2021-09-04,0.0,kandy,sri lanka,7.2906,80.6337
2021-09-05,0.0,kandy,sri lanka,7.2906,80.6337
2021-09-06,0.0,kandy,sri lanka,7.2906,80.6337
2021-09-07,0.0,kandy,sri lanka,7.2906,80.6337
2021-09-08,0.0,kandy,sri lanka,7.2906,80.6337
2021-09-09,0.0,kandy,sri lanka,7.2906,80.6337
2021-09-10,0.0,kandy,sri lanka,7.2906,80.6337
2021-09-11,0.0,kandy,sri lanka,7.2906,80.6337
2021-09-12,0.0,kandy,sri lanka,7.2906,80.6337
2021-09-13,0.0,kandy,sri lanka,7.2906,80.6337
2021-09-14,0.0,kandy,sri lanka,7.2906,80.6337
2021-09-15,0.0,kandy,sri lanka,7.2906,80.6337
2021-09-16,0.0,kandy,sri lanka,7.2906,80.6337
2021-09-17,0.0,kandy,sri lanka,7.2906,80.6337
2021-09-18,0.0,kandy,sri lanka,7.2906,80.6337
2021-09-19,0.0,kandy,sri lanka,7.2906,80.6337
2021-09-20,0.0,kandy,sri lanka,7.2906,80.6337
2021-09-21,0.0,kandy,sri lanka,7.2906,80.6337
2021-09-22,0.0,kandy,sri lanka,7.2906,80.6337
2021-09-23,0.0,kandy,sri lanka,7.2906,80.6337
2021-09-24,0.0,kandy,sri lanka,7.2906,80.6337
2021-09-25,0.0,kandy,sri lanka,7.2906,80.6337
2021-09-26,0.0,kandy,sri lanka,7.2906,80.6337
2021-09-27,0.0,kandy,sri lanka,7.2906,80.6337
2021-09-28,0.0,kandy,sri lanka,7.2906,80.6337
2021-09-29,0.0,kandy,sri lanka,7.2906,80.6337
2021-09-30,0.0,kandy,sri lanka,7.2906,80.6337
2021-10-01,38.77905607223511,kandy,sri lanka,7.2906,80.6337
2021-10-02,5.130811035633087,kandy,sri lanka,7.2906,80.6337
2021-10-03,0.7850155234336853,kandy,sri lanka,7.2906,80.6337
2021-10-04,8.32788348197937,kandy,sri lanka,7.2906,80.6337
2021-10-05,21.837258338928223,kandy,sri lanka,7.2906,80.6337
2021-10-06,2.779988944530487,kandy,sri lanka,7.2906,80.6337
2021-10-07,0.02795542823150754,kandy,sri lanka,7.2906,80.6337
2021-10-08,1.0581997688859701,kandy,sri lanka,7.2906,80.6337
2021-10-09,1.0404959321022034,kandy,sri lanka,7.2906,80.6337
2021-10-10,23.949792981147766,kandy,sri lanka,7.2906,80.6337
2022-01-06,1.9855186343193054,kandy,sri lanka,7.2906,80.6337
2022-01-07,1.820160448551178,kandy,sri lanka,7.2906,80.6337
2022-01-08,3.843511641025543,kandy,sri lanka,7.2906,80.6337
2022-01-09,5.698205530643463,kandy,sri lanka,7.2906,80.6337
2022-01-10,6.9820985198020935,kandy,sri lanka,7.2906,80.6337
2022-01-11,1.2198317795991898,kandy,sri lanka,7.2906,80.6337
2022-01-12,0.8182279765605927,kandy,sri lanka,7.2906,80.6337
2022-01-13,0.26957374066114426,kandy,sri lanka,7.2906,80.6337
2022-01-14,0.3417130094021559,kandy,sri lanka,7.2906,80.6337
2022-01-15,0.224995587268495,kandy,sri lanka,7.2906,80.6337
2022-01-16,1.2165427207946777,kandy,sri lanka,7.2906,80.6337
2022-01-17,0.671045109629631,kandy,sri lanka,7.2906,80.6337
2022-01-18,2.906300872564316,kandy,sri lanka,7.2906,80.6337
2022-01-19,0.7575824653940799,kandy,sri lanka,7.2906,80.6337
2022-01-20,0.0033419114515709225,kandy,sri lanka,7.2906,80.6337
2022-01-21,9.967578762370977e-07,kandy,sri lanka,7.2906,80.6337
2022-01-22,3.991923978874379e-12,kandy,sri lanka,7.2906,80.6337
2022-01-23,4.4149923787692857e-10,kandy,sri lanka,7.2906,80.6337
2022-01-24,1.3747233552690794e-05,kandy,sri lanka,7.2906,80.6337
2022-01-25,0.07130879444048333,kandy,sri lanka,7.2906,80.6337
2022-01-26,0.013634865931255041,kandy,sri lanka,7.2906,80.6337
2022-01-27,0.200174561358879,kandy,sri lanka,7.2906,80.6337
2022-01-28,0.12356601655483246,kandy,sri lanka,7.2906,80.6337
2022-01-29,2.0414179656654596,kandy,sri lanka,7.2906,80.6337
2022-01-30,4.329179227352142,kandy,sri lanka,7.2906,80.6337
2022-01-31,1.8214747309684753,kandy,sri lanka,7.2906,80.6337
2022-02-01,0.008595201534911112,kandy,sri lanka,7.2906,80.6337
2022-02-02,1.0409892947649269e-06,kandy,sri lanka,7.2906,80.6337
2022-02-03,1.06525476439856e-05,kandy,sri lanka,7.2906,80.6337
2022-02-04,3.2896403311349735e-06,kandy,sri lanka,7.2906,80.6337
2022-02-05,0.0023728545784251764,kandy,sri lanka,7.2906,80.6337
2022-02-06,0.0067120346372906425,kandy,sri lanka,7.2906,80.6337
2022-02-07,0.10254713706672192,kandy,sri lanka,7.2906,80.6337
2022-02-08,0.02781083221634617,kandy,sri lanka,7.2906,80.6337
2022-02-09,2.1378584671765566,kandy,sri lanka,7.2906,80.6337
2022-02-10,4.7781458124518394,kandy,sri lanka,7.2906,80.6337
2022-02-11,3.671354055404663,kandy,sri lanka,7.2906,80.6337
2022-02-12,27.927643060684204,kandy,sri lanka,7.2906,80.6337
2022-02-13,11.386942863464355,kandy,sri lanka,7.2906,80.6337
2022-02-14,0.6874591810628772,kandy,sri lanka,7.2906,80.6337
2022-02-15,0.004612590782926418,kandy,sri lanka,7.2906,80.6337
2022-02-16,0.0019045550288865343,kandy,sri lanka,7.2906,80.6337
2022-02-17,0.01821720584302966,kandy,sri lanka,7.2906,80.6337
2022-02-18,4.500872455537319,kandy,sri lanka,7.2906,80.6337
2022-02-19,7.00002908706665,kandy,sri lanka,7.2906,80.6337
2022-02-20,1.854868233203888,kandy,sri lanka,7.2906,80.6337
2022-02-21,0.14478113735094666,kandy,sri lanka,7.2906,80.6337
2022-02-22,0.2853434532880783,kandy,sri lanka,7.2906,80.6337
2022-02-23,120.7703098654747,kandy,sri lanka,7.2906,80.6337
2022-02-24,30.180891416966915,kandy,sri lanka,7.2906,80.6337
2022-02-25,0.05619290750473738,kandy,sri lanka,7.2906,80.6337
2022-02-26,7.1637410670518875,kandy,sri lanka,7.2906,80.6337
2022-02-27,0.17662140089669265,kandy,sri lanka,7.2906,80.6337
2022-02-28,0.005975359727017349,kandy,sri lanka,7.2906,80.6337
2022-03-01,0.2658649842487648,kandy,sri lanka,7.2906,80.6337
2022-03-02,7.743645552545786,kandy,sri lanka,7.2906,80.6337
2022-03-03,4.296831786632538,kandy,sri lanka,7.2906,80.6337
2022-03-04,3.0876584351062775,kandy,sri lanka,7.2906,80.6337
2022-03-05,0.04751581072923727,kandy,sri lanka,7.2906,80.6337
2022-03-06,3.7854671481909463,kandy,sri lanka,7.2906,80.6337
2022-03-07,3.5051509737968445,kandy,sri lanka,7.2906,80.6337
2022-03-08,0.6584638729691505,kandy,sri lanka,7.2906,80.6337
2022-03-09,0.019133978415626213,kandy,sri lanka,7.2906,80.6337
2022-03-10,0.00731847490140332,kandy,sri lanka,7.2906,80.6337
2022-03-11,0.5632988351862878,kandy,sri lanka,7.2906,80.6337
2022-03-12,0.5511054727321607,kandy,sri lanka,7.2906,80.6337
2022-03-13,0.25623403865893124,kandy,sri lanka,7.2906,80.6337
2022-03-14,0.02382283646371608,kandy,sri lanka,7.2906,80.6337
2022-03-15,4.788236882072316e-05,kandy,sri lanka,7.2906,80.6337
2022-03-16,3.0207852686836914e-05,kandy,sri lanka,7.2906,80.6337
2022-03-17,13.093637200654484,kandy,sri lanka,7.2906,80.6337
2022-03-18,2.396359294652939,kandy,sri lanka,7.2906,80.6337
2022-03-19,7.555219531059265,kandy,sri lanka,7.2906,80.6337
2022-03-20,0.4562294256174937,kandy,sri lanka,7.2906,80.6337
2022-03-21,0.006081760170673078,kandy,sri lanka,7.2906,80.6337
2022-03-22,0.008295309271488804,kandy,sri lanka,7.2906,80.6337
2022-03-23,0.47258483682526276,kandy,sri lanka,7.2906,80.6337
2022-03-24,1.2387916445732117,kandy,sri lanka,7.2906,80.6337
2022-03-25,1.1883258819580078,kandy,sri lanka,7.2906,80.6337
2022-03-26,3.0940999276936054,kandy,sri lanka,7.2906,80.6337
2022-03-27,3.3646032214164734,kandy,sri lanka,7.2906,80.6337
2022-03-28,0.33557570131961256,kandy,sri lanka,7.2906,80.6337
2022-03-29,2.871492603298975,kandy,sri lanka,7.2906,80.6337
2022-03-30,4.713861644268036,kandy,sri lanka,7.2906,80.6337
2022-03-31,0.9300006553530693,kandy,sri lanka,7.2906,80.6337
2022-04-01,1.4356523752212524,kandy,sri lanka,7.2906,80.6337
2022-04-02,10.72813868522644,kandy,sri lanka,7.2906,80.6337
2022-04-03,13.73654454946518,kandy,sri lanka,7.2906,80.6337
2022-04-04,6.808412075042725,kandy,sri lanka,7.2906,80.6337
2022-04-05,36.02185249328613,kandy,sri lanka,7.2906,80.6337
2022-04-06,8.445753157138824,kandy,sri lanka,7.2906,80.6337
2022-04-07,16.320645064115524,kandy,sri lanka,7.2906,80.6337
2022-04-08,23.914092779159546,kandy,sri lanka,7.2906,80.6337
2022-04-09,18.517032265663147,kandy,sri lanka,7.2906,80.6337
2022-04-10,16.714024543762207,kandy,sri lanka,7.2906,80.6337
2022-04-11,8.043944835662842,kandy,sri lanka,7.2906,80.6337
2022-04-12,20.97015380859375,kandy,sri lanka,7.2906,80.6337
2022-04-13,4.09347927197814,kandy,sri lanka,7.2906,80.6337
2022-04-14,3.4924188628792763,kandy,sri lanka,7.2906,80.6337
2022-04-15,5.168402194976807,kandy,sri lanka,7.2906,80.6337
2022-04-16,4.202190041542053,kandy,sri lanka,7.2906,80.6337
2022-04-17,5.894181132316589,kandy,sri lanka,7.2906,80.6337
2022-04-18,3.782692551612854,kandy,sri lanka,7.2906,80.6337
2022-04-19,3.8332656025886536,kandy,sri lanka,7.2906,80.6337
2022-04-20,0.4729798994958401,kandy,sri lanka,7.2906,80.6337
2022-04-21,2.9141128063201904,kandy,sri lanka,7.2906,80.6337
2022-04-22,19.733035191893578,kandy,sri lanka,7.2906,80.6337
2022-04-23,13.625059369951487,kandy,sri lanka,7.2906,80.6337
2022-04-24,2.4234697222709656,kandy,sri lanka,7.2906,80.6337
2022-04-25,2.4593576788902283,kandy,sri lanka,7.2906,80.6337
2022-04-26,0.9745689108967781,kandy,sri lanka,7.2906,80.6337
2022-04-27,10.579313803464174,kandy,sri lanka,7.2906,80.6337
2022-04-28,16.746211051940918,kandy,sri lanka,7.2906,80.6337
2022-04-29,8.037936687469482,kandy,sri lanka,7.2906,80.6337
2022-04-30,1.8685609102249146,kandy,sri lanka,7.2906,80.6337
2022-05-01,0.9964892640709877,kandy,sri lanka,7.2906,80.6337
2022-05-02,0.19880030304193497,kandy,sri lanka,7.2906,80.6337
2022-05-03,0.06041130982339382,kandy,sri lanka,7.2906,80.6337
2022-05-04,7.508761994540691,kandy,sri lanka,7.2906,80.6337
2022-05-05,2.585750073194504,kandy,sri lanka,7.2906,80.6337
2022-05-06,0.6569517776370049,kandy,sri lanka,7.2906,80.6337
2022-05-07,0.22162930690683424,kandy,sri lanka,7.2906,80.6337
2022-05-08,0.02843888069037348,kandy,sri lanka,7.2906,80.6337
2022-05-09,3.834153455682099,kandy,sri lanka,7.2906,80.6337
2022-05-10,0.5441018671263009,kandy,sri lanka,7.2906,80.6337
2022-05-11,1.3791059609502554,kandy,sri lanka,7.2906,80.6337
2022-05-12,7.61377215385437,kandy,sri lanka,7.2906,80.6337
2022-05-13,6.890890002250671,kandy,sri lanka,7.2906,80.6337
2022-05-14,10.89770793914795,kandy,sri lanka,7.2906,80.6337
2022-05-15,4.261252284049988,kandy,sri lanka,7.2906,80.6337
2022-05-16,2.3557037115097046,kandy,sri lanka,7.2906,80.6337
2022-05-17,4.28391695022583,kandy,sri lanka,7.2906,80.6337
2022-05-18,5.487531423568726,kandy,sri lanka,7.2906,80.6337
2022-05-19,5.813339352607727,kandy,sri lanka,7.2906,80.6337
2022-05-20,2.151520550251007,kandy,sri lanka,7.2906,80.6337
2022-05-21,0.7408194243907928,kandy,sri lanka,7.2906,80.6337
2022-05-22,0.38393307477235794,kandy,sri lanka,7.2906,80.6337
2022-05-23,6.181261315941811,kandy,sri lanka,7.2906,80.6337
2022-05-24,11.761701107025146,kandy,sri lanka,7.2906,80.6337
2022-05-25,7.631152868270874,kandy,sri lanka,7.2906,80.6337
2022-05-26,7.661569118499756,kandy,sri lanka,7.2906,80.6337
2022-05-27,1.493702083826065,kandy,sri lanka,7.2906,80.6337
2022-05-28,4.122639074921608,kandy,sri lanka,7.2906,80.6337
2022-05-29,5.553245544433594,kandy,sri lanka,7.2906,80.6337
2022-05-30,12.352806329727173,kandy,sri lanka,7.2906,80.6337
2022-05-31,6.613817811012268,kandy,sri lanka,7.2906,80.6337
2022-06-01,1.7618291079998016,kandy,sri lanka,7.2906,80.6337
2022-06-02,1.7424032092094421,kandy,sri lanka,7.2906,80.6337
2022-06-03,0.49392208456993103,kandy,sri lanka,7.2906,80.6337
2022-06-04,0.09858375415205956,kandy,sri lanka,7.2906,80.6337
2022-06-05,0.4896942526102066,kandy,sri lanka,7.2906,80.6337
2022-06-06,0.8360311388969421,kandy,sri lanka,7.2906,80.6337
2022-06-07,0.2845332375727594,kandy,sri lanka,7.2906,80.6337
2022-06-08,1.0181484816712327,kandy,sri lanka,7.2906,80.6337
2022-06-09,0.9128730744123459,kandy,sri lanka,7.2906,80.6337
2022-06-10,1.5838779509067535,kandy,sri lanka,7.2906,80.6337
2022-06-11,1.596311666071415,kandy,sri lanka,7.2906,80.6337
2022-06-12,0.7143267430365086,kandy,sri lanka,7.2906,80.6337
2022-06-13,0.257974024862051,kandy,sri lanka,7.2906,80.6337
2022-06-14,0.9404964745044708,kandy,sri lanka,7.2906,80.6337
2022-06-15,3.123262873850763,kandy,sri lanka,7.2906,80.6337
2022-06-16,3.7624619901180267,kandy,sri lanka,7.2906,80.6337
2022-06-17,5.479846894741058,kandy,sri lanka,7.2906,80.6337
2022-06-18,3.772895783185959,kandy,sri lanka,7.2906,80.6337
2022-06-19,2.6783935725688934,kandy,sri lanka,7.2906,80.6337
2022-06-20,1.227271556854248,kandy,sri lanka,7.2906,80.6337
2022-06-21,0.6542444229125977,kandy,sri lanka,7.2906,80.6337
2022-06-22,1.2855157256126404,kandy,sri lanka,7.2906,80.6337
2022-06-23,0.8664306253194809,kandy,sri lanka,7.2906,80.6337
2022-06-24,2.163930796086788,kandy,sri lanka,7.2906,80.6337
2022-06-25,0.8261136710643768,kandy,sri lanka,7.2906,80.6337
2022-06-26,0.2567574309068732,kandy,sri lanka,7.2906,80.6337
2022-06-27,0.0019004884961759672,kandy,sri lanka,7.2906,80.6337
2022-06-28,0.0065675354562699795,kandy,sri lanka,7.2906,80.6337
2022-06-29,0.5151450634002686,kandy,sri lanka,7.2906,80.6337
2022-06-30,1.7610294744372368,kandy,sri lanka,7.2906,80.6337
2022-07-01,0.19617823418229818,kandy,sri lanka,7.2906,80.6337
2022-07-02,4.032697482034564,kandy,sri lanka,7.2906,80.6337
2022-07-03,5.213221907615662,kandy,sri lanka,7.2906,80.6337
2022-07-04,2.6759586296975613,kandy,sri lanka,7.2906,80.6337
2022-07-05,0.29246084159240127,kandy,sri lanka,7.2906,80.6337
2022-07-06,0.18916488625109196,kandy,sri lanka,7.2906,80.6337
2022-07-07,0.269487826153636,kandy,sri lanka,7.2906,80.6337
2022-07-08,0.06465108599513769,kandy,sri lanka,7.2906,80.6337
2022-07-09,0.2019816543906927,kandy,sri lanka,7.2906,80.6337
2022-07-10,3.8099437952041626,kandy,sri lanka,7.2906,80.6337
2022-07-11,0.6901297339936718,kandy,sri lanka,7.2906,80.6337
2022-07-12,0.026647445338312536,kandy,sri lanka,7.2906,80.6337
2022-07-13,0.03833454902633093,kandy,sri lanka,7.2906,80.6337
2022-07-14,0.2113262191414833,kandy,sri lanka,7.2906,80.6337
2022-07-15,0.08432529866695404,kandy,sri lanka,7.2906,80.6337
2022-07-16,0.19774753600358963,kandy,sri lanka,7.2906,80.6337
2022-07-17,0.13899081386625767,kandy,sri lanka,7.2906,80.6337
2022-07-18,1.6522742807865143,kandy,sri lanka,7.2906,80.6337
2022-07-19,23.52994680404663,kandy,sri lanka,7.2906,80.6337
2022-07-20,4.0564656257629395,kandy,sri lanka,7.2906,80.6337
2022-07-21,4.255136847496033,kandy,sri lanka,7.2906,80.6337
2022-07-22,8.776456117630005,kandy,sri lanka,7.2906,80.6337
2022-07-23,6.349459290504456,kandy,sri lanka,7.2906,80.6337
2022-07-24,1.1426231930670383,kandy,sri lanka,7.2906,80.6337
2022-07-25,12.553159066010267,kandy,sri lanka,7.2906,80.6337
2022-07-26,10.143846273422241,kandy,sri lanka,7.2906,80.6337
2022-07-27,5.197423696517944,kandy,sri lanka,7.2906,80.6337
2022-07-28,8.604633808135986,kandy,sri lanka,7.2906,80.6337
2022-07-29,2.5957882404327393,kandy,sri lanka,7.2906,80.6337
2022-07-30,3.181793913245201,kandy,sri lanka,7.2906,80.6337
2022-07-31,4.8070549964904785,kandy,sri lanka,7.2906,80.6337
2022-08-01,36.21100187301636,kandy,sri lanka,7.2906,80.6337
2022-08-02,16.180908679962158,kandy,sri lanka,7.2906,80.6337
2022-08-03,10.810911655426025,kandy,sri lanka,7.2906,80.6337
2022-08-04,7.068881392478943,kandy,sri lanka,7.2906,80.6337
2022-08-05,6.276120990514755,kandy,sri lanka,7.2906,80.6337
2022-08-06,1.0062223300337791,kandy,sri lanka,7.2906,80.6337
2022-08-07,0.44739298755303025,kandy,sri lanka,7.2906,80.6337
2022-08-08,0.033034023363143206,kandy,sri lanka,7.2906,80.6337
2022-08-09,0.004984901925642049,kandy,sri lanka,7.2906,80.6337
2022-08-10,8.076602386886123e-07,kandy,sri lanka,7.2906,80.6337
2022-08-11,4.689826252346485e-06,kandy,sri lanka,7.2906,80.6337
2022-08-12,0.003215058670491544,kandy,sri lanka,7.2906,80.6337
2022-08-13,0.0321726911352016,kandy,sri lanka,7.2906,80.6337
2022-08-14,0.2563022542744875,kandy,sri lanka,7.2906,80.6337
2022-08-15,0.9552871808409691,kandy,sri lanka,7.2906,80.6337
2022-08-16,0.8115241304039955,kandy,sri lanka,7.2906,80.6337
2022-08-17,1.0963764041662216,kandy,sri lanka,7.2906,80.6337
2022-08-18,1.1004055850207806,kandy,sri lanka,7.2906,80.6337
2022-08-19,0.1052293460816145,kandy,sri lanka,7.2906,80.6337
2022-08-20,0.33276532776653767,kandy,sri lanka,7.2906,80.6337
2022-08-21,0.7849015295505524,kandy,sri lanka,7.2906,80.6337
2022-08-22,4.347606003284454,kandy,sri lanka,7.2906,80.6337
2022-08-23,2.577321231365204,kandy,sri lanka,7.2906,80.6337
2022-08-24,1.1041263118386269,kandy,sri lanka,7.2906,80.6337
2022-08-25,1.050388254225254,kandy,sri lanka,7.2906,80.6337
2022-08-26,14.830600004643202,kandy,sri lanka,7.2906,80.6337
2022-08-27,4.430194571614265,kandy,sri lanka,7.2906,80.6337
2022-08-28,1.9608087837696075,kandy,sri lanka,7.2906,80.6337
2022-08-29,4.298454523086548,kandy,sri lanka,7.2906,80.6337
2022-08-30,52.61319279670715,kandy,sri lanka,7.2906,80.6337
2022-08-31,21.13966941833496,kandy,sri lanka,7.2906,80.6337
2022-09-01,7.102739252150059,kandy,sri lanka,7.2906,80.6337
2022-09-02,0.8863862603902817,kandy,sri lanka,7.2906,80.6337
2022-09-03,1.0012619197368622,kandy,sri lanka,7.2906,80.6337
2022-09-04,0.45553387826657854,kandy,sri lanka,7.2906,80.6337
2022-09-05,50.46271767932922,kandy,sri lanka,7.2906,80.6337
2022-09-06,2.5959961116313934,kandy,sri lanka,7.2906,80.6337
2022-09-07,1.6642570495605469,kandy,sri lanka,7.2906,80.6337
2022-09-08,0.13744892204883286,kandy,sri lanka,7.2906,80.6337
2022-09-09,0.09080750195948895,kandy,sri lanka,7.2906,80.6337
2022-09-10,0.12688074780271563,kandy,sri lanka,7.2906,80.6337
2022-09-11,9.909726799151031e-05,kandy,sri lanka,7.2906,80.6337
2022-09-12,0.005105783827730193,kandy,sri lanka,7.2906,80.6337
2022-09-13,0.0014252717278395721,kandy,sri lanka,7.2906,80.6337
2022-09-14,0.028753764502198464,kandy,sri lanka,7.2906,80.6337
2022-09-15,0.004165347490925342,kandy,sri lanka,7.2906,80.6337
2022-09-16,0.0016785870101898581,kandy,sri lanka,7.2906,80.6337
2022-09-17,8.12614871392725e-05,kandy,sri lanka,7.2906,80.6337
2022-09-18,0.00031699760256742593,kandy,sri lanka,7.2906,80.6337
2022-09-19,0.7524764670051809,kandy,sri lanka,7.2906,80.6337
2022-09-20,0.1070249592885375,kandy,sri lanka,7.2906,80.6337
2022-09-21,0.07299925200641155,kandy,sri lanka,7.2906,80.6337
2022-09-22,0.033123919274657965,kandy,sri lanka,7.2906,80.6337
2022-09-23,0.004072625480355807,kandy,sri lanka,7.2906,80.6337
2022-09-24,0.007981513408594765,kandy,sri lanka,7.2906,80.6337
2022-09-25,3.840134886559099,kandy,sri lanka,7.2906,80.6337
2022-09-26,0.6121605634689331,kandy,sri lanka,7.2906,80.6337
2022-09-27,0.6621154490858316,kandy,sri lanka,7.2906,80.6337
2022-09-28,0.2772725187242031,kandy,sri lanka,7.2906,80.6337
2022-09-29,1.1652689427137375,kandy,sri lanka,7.2906,80.6337
2022-09-30,5.089764855802059,kandy,sri lanka,7.2906,80.6337
2022-10-01,5.135464668273926,kandy,sri lanka,7.2906,80.6337
2022-10-02,5.058860778808594,kandy,sri lanka,7.2906,80.6337
2022-10-03,4.439558833837509,kandy,sri lanka,7.2906,80.6337
2022-10-04,0.8919384330511093,kandy,sri lanka,7.2906,80.6337
2022-10-05,0.24890899658203125,kandy,sri lanka,7.2906,80.6337
2022-10-06,0.04361732862889767,kandy,sri lanka,7.2906,80.6337
2022-10-07,1.6439118655398488,kandy,sri lanka,7.2906,80.6337
2022-10-08,1.8970057368278503,kandy,sri lanka,7.2906,80.6337
2022-10-09,4.184507578611374,kandy,sri lanka,7.2906,80.6337
2022-10-10,3.53953018784523,kandy,sri lanka,7.2906,80.6337
2022-10-11,3.5943880677223206,kandy,sri lanka,7.2906,80.6337
2022-10-12,4.6712178736925125,kandy,sri lanka,7.2906,80.6337
2022-10-13,20.287762954831123,kandy,sri lanka,7.2906,80.6337
2022-10-14,21.262890100479126,kandy,sri lanka,7.2906,80.6337
2022-10-15,8.990254998207092,kandy,sri lanka,7.2906,80.6337
2022-10-16,8.258333802223206,kandy,sri lanka,7.2906,80.6337
2022-10-17,15.740228444337845,kandy,sri lanka,7.2906,80.6337
2022-10-18,9.130722284317017,kandy,sri lanka,7.2906,80.6337
2022-10-19,4.332324117422104,kandy,sri lanka,7.2906,80.6337
2022-10-20,28.776709735393524,kandy,sri lanka,7.2906,80.6337
2022-10-21,15.454164147377014,kandy,sri lanka,7.2906,80.6337
2022-10-22,9.159475564956665,kandy,sri lanka,7.2906,80.6337
2022-10-23,10.856616497039795,kandy,sri lanka,7.2906,80.6337
2022-10-24,11.993604898452759,kandy,sri lanka,7.2906,80.6337
2022-10-25,7.617366313934326,kandy,sri lanka,7.2906,80.6337
2022-10-26,1.571122370660305,kandy,sri lanka,7.2906,80.6337
2022-10-27,0.010760573932699913,kandy,sri lanka,7.2906,80.6337
2022-10-28,0.0020808887029488687,kandy,sri lanka,7.2906,80.6337
2022-10-29,1.5154137079662178,kandy,sri lanka,7.2906,80.6337
2022-10-30,13.624448329210281,kandy,sri lanka,7.2906,80.6337
2022-10-31,15.759024024009705,kandy,sri lanka,7.2906,80.6337
2022-11-01,31.734395027160645,kandy,sri lanka,7.2906,80.6337
2022-11-02,9.033411741256714,kandy,sri lanka,7.2906,80.6337
2022-11-03,16.846632957458496,kandy,sri lanka,7.2906,80.6337
2022-11-04,28.616058826446533,kandy,sri lanka,7.2906,80.6337
2022-11-05,33.30788612365723,kandy,sri lanka,7.2906,80.6337
2022-11-06,1.254921779036522,kandy,sri lanka,7.2906,80.6337
2022-11-07,5.883398652076721,kandy,sri lanka,7.2906,80.6337
2022-11-08,19.837403297424316,kandy,sri lanka,7.2906,80.6337
2022-11-09,14.45399522781372,kandy,sri lanka,7.2906,80.6337
2022-11-10,4.206360876560211,kandy,sri lanka,7.2906,80.6337
2022-11-11,12.173703499138355,kandy,sri lanka,7.2906,80.6337
2022-11-12,8.634837158024311,kandy,sri lanka,7.2906,80.6337
2022-11-13,17.8421750664711,kandy,sri lanka,7.2906,80.6337
2022-11-14,38.35802972316742,kandy,sri lanka,7.2906,80.6337
2022-11-15,5.104554200079292,kandy,sri lanka,7.2906,80.6337
2022-11-16,4.7573700081557035,kandy,sri lanka,7.2906,80.6337
2022-11-17,0.001536375970445647,kandy,sri lanka,7.2906,80.6337
2022-11-18,0.8417527307756245,kandy,sri lanka,7.2906,80.6337
2022-11-19,0.9254354517906904,kandy,sri lanka,7.2906,80.6337
2022-11-20,0.012083860593747886,kandy,sri lanka,7.2906,80.6337
2022-11-21,0.1737924484634272,kandy,sri lanka,7.2906,80.6337
2022-11-22,0.0025660998574039695,kandy,sri lanka,7.2906,80.6337
2022-11-23,0.003350559202885961,kandy,sri lanka,7.2906,80.6337
2022-11-24,0.019190644952548255,kandy,sri lanka,7.2906,80.6337
2022-11-25,1.528651457192609,kandy,sri lanka,7.2906,80.6337
2022-11-26,6.049996102228761,kandy,sri lanka,7.2906,80.6337
2022-11-27,13.45906751230359,kandy,sri lanka,7.2906,80.6337
2022-11-28,1.4323675073683262,kandy,sri lanka,7.2906,80.6337
2022-11-29,0.1961235422641039,kandy,sri lanka,7.2906,80.6337
2022-11-30,0.32723620533943176,kandy,sri lanka,7.2906,80.6337
2022-12-01,0.9175376035273075,kandy,sri lanka,7.2906,80.6337
2022-12-02,9.4519704580307,kandy,sri lanka,7.2906,80.6337
2022-12-03,9.979051351547241,kandy,sri lanka,7.2906,80.6337
2022-12-04,14.744424819946289,kandy,sri lanka,7.2906,80.6337
2022-12-05,3.4114480018615723,kandy,sri lanka,7.2906,80.6337
2022-12-06,1.309336256235838,kandy,sri lanka,7.2906,80.6337
2022-12-07,3.318682126700878,kandy,sri lanka,7.2906,80.6337
2022-12-08,9.278548881411552,kandy,sri lanka,7.2906,80.6337
2022-12-09,11.243002116680145,kandy,sri lanka,7.2906,80.6337
2022-12-10,4.81237918138504,kandy,sri lanka,7.2906,80.6337
2022-12-11,2.789572812616825,kandy,sri lanka,7.2906,80.6337
2022-12-12,0.543304329039529,kandy,sri lanka,7.2906,80.6337
2022-12-13,0.7707478478550911,kandy,sri lanka,7.2906,80.6337
2022-12-14,1.29099665209651,kandy,sri lanka,7.2906,80.6337
2022-12-15,0.18610612023621798,kandy,sri lanka,7.2906,80.6337
2022-12-16,1.4777865260839462,kandy,sri lanka,7.2906,80.6337
2022-12-17,5.090175569057465,kandy,sri lanka,7.2906,80.6337
2022-12-18,23.742002248764038,kandy,sri lanka,7.2906,80.6337
2022-12-19,31.335067749023438,kandy,sri lanka,7.2906,80.6337
2022-12-20,16.205155849456787,kandy,sri lanka,7.2906,80.6337
2022-12-21,23.79312515258789,kandy,sri lanka,7.2906,80.6337
2022-12-22,9.740755520761013,kandy,sri lanka,7.2906,80.6337
2022-12-23,6.115812063217163,kandy,sri lanka,7.2906,80.6337
2022-12-24,30.900228023529053,kandy,sri lanka,7.2906,80.6337
2022-12-25,56.999824941158295,kandy,sri lanka,7.2906,80.6337
2022-12-26,9.375871159136295,kandy,sri lanka,7.2906,80.6337
2022-12-27,0.4708852618932724,kandy,sri lanka,7.2906,80.6337
2022-12-28,0.7270839996635914,kandy,sri lanka,7.2906,80.6337
2022-12-29,0.019356970733497292,kandy,sri lanka,7.2906,80.6337
2022-12-30,0.0028650261810980737,kandy,sri lanka,7.2906,80.6337
2022-12-31,0.0013163156836526468,kandy,sri lanka,7.2906,80.6337
2023-01-01,0.0059490525018190965,kandy,sri lanka,7.2906,80.6337
2023-01-02,0.011412642197683454,kandy,sri lanka,7.2906,80.6337
2023-01-03,0.0009999856047215872,kandy,sri lanka,7.2906,80.6337
2023-01-04,0.2602707711048424,kandy,sri lanka,7.2906,80.6337
2023-01-05,4.541787877678871,kandy,sri lanka,7.2906,80.6337
2023-01-06,5.883264541625977,kandy,sri lanka,7.2906,80.6337
2023-01-07,16.726577281951904,kandy,sri lanka,7.2906,80.6337
2023-01-08,5.203046277165413,kandy,sri lanka,7.2906,80.6337
2023-01-09,0.2263341739308089,kandy,sri lanka,7.2906,80.6337
2023-01-10,0.006884879712742986,kandy,sri lanka,7.2906,80.6337
2023-01-11,0.0006176887865194658,kandy,sri lanka,7.2906,80.6337
2023-01-12,3.706728204377896e-05,kandy,sri lanka,7.2906,80.6337
2023-01-13,0.005570498174733984,kandy,sri lanka,7.2906,80.6337
2023-01-14,0.0110733846668154,kandy,sri lanka,7.2906,80.6337
2023-01-15,0.8104424457997084,kandy,sri lanka,7.2906,80.6337
2023-01-16,11.511893570423126,kandy,sri lanka,7.2906,80.6337
2023-01-17,5.011942237615585,kandy,sri lanka,7.2906,80.6337
2023-01-18,0.07563201556877175,kandy,sri lanka,7.2906,80.6337
2023-01-19,0.001171057465398917,kandy,sri lanka,7.2906,80.6337
2023-01-20,0.21134276920520279,kandy,sri lanka,7.2906,80.6337
2023-01-21,8.08610098902136,kandy,sri lanka,7.2906,80.6337
2023-01-22,7.3944780975580215,kandy,sri lanka,7.2906,80.6337
2023-01-23,7.7269211411476135,kandy,sri lanka,7.2906,80.6337
2023-01-24,6.6423967480659485,kandy,sri lanka,7.2906,80.6337
2023-01-25,0.13881144113838673,kandy,sri lanka,7.2906,80.6337
2023-01-26,0.8141552098095417,kandy,sri lanka,7.2906,80.6337
2023-01-27,19.78858709335327,kandy,sri lanka,7.2906,80.6337
2023-01-28,0.09192381639877567,kandy,sri lanka,7.2906,80.6337
2023-01-29,0.749605217424687,kandy,sri lanka,7.2906,80.6337
2023-01-30,3.8649894297122955,kandy,sri lanka,7.2906,80.6337
2023-01-31,5.022034049034119,kandy,sri lanka,7.2906,80.6337
2023-02-01,19.75693702697754,kandy,sri lanka,7.2906,80.6337
2023-02-02,17.26202666759491,kandy,sri lanka,7.2906,80.6337
2023-02-03,8.20203423500061,kandy,sri lanka,7.2906,80.6337
2023-02-04,11.473417282104492,kandy,sri lanka,7.2906,80.6337
2023-02-05,1.0252207517623901,kandy,sri lanka,7.2906,80.6337
2023-02-06,3.3666417002677917,kandy,sri lanka,7.2906,80.6337
2023-02-07,3.017190098762512,kandy,sri lanka,7.2906,80.6337
2023-02-08,0.22223859268706292,kandy,sri lanka,7.2906,80.6337
2023-02-09,0.06675736658507958,kandy,sri lanka,7.2906,80.6337
2023-02-10,0.012943592875913623,kandy,sri lanka,7.2906,80.6337
2023-02-11,0.607839292519091,kandy,sri lanka,7.2906,80.6337
2023-02-12,0.07071815588941613,kandy,sri lanka,7.2906,80.6337
2023-02-13,0.05839347242222459,kandy,sri lanka,7.2906,80.6337
2023-02-14,0.0072413876828880674,kandy,sri lanka,7.2906,80.6337
2023-02-15,1.7310271090592762e-29,kandy,sri lanka,7.2906,80.6337
2023-02-16,0.003145162850159977,kandy,sri lanka,7.2906,80.6337
2023-02-17,0.05017564399167895,kandy,sri lanka,7.2906,80.6337
2023-02-18,5.162826552987099,kandy,sri lanka,7.2906,80.6337
2023-02-19,14.896237850189209,kandy,sri lanka,7.2906,80.6337
2023-02-20,10.429608821868896,kandy,sri lanka,7.2906,80.6337
2023-02-21,0.4919421742670238,kandy,sri lanka,7.2906,80.6337
2023-02-22,0.0027117410557053745,kandy,sri lanka,7.2906,80.6337
2023-02-23,0.010421341057309519,kandy,sri lanka,7.2906,80.6337
2023-02-24,5.321313254535198,kandy,sri lanka,7.2906,80.6337
2023-02-25,0.17587553593330085,kandy,sri lanka,7.2906,80.6337
2023-02-26,0.0650984698722823,kandy,sri lanka,7.2906,80.6337
2023-02-27,9.976020455360413,kandy,sri lanka,7.2906,80.6337
2023-02-28,13.632917404174805,kandy,sri lanka,7.2906,80.6337
2023-03-01,2.1829673554748297,kandy,sri lanka,7.2906,80.6337
2023-03-02,0.14677202270831913,kandy,sri lanka,7.2906,80.6337
2023-03-03,0.2939732512459159,kandy,sri lanka,7.2906,80.6337
2023-03-04,6.443604826927185,kandy,sri lanka,7.2906,80.6337
2023-03-05,1.2213874608278275,kandy,sri lanka,7.2906,80.6337
2023-03-06,2.0000696182250977,kandy,sri lanka,7.2906,80.6337
2023-03-07,1.0854162275791168,kandy,sri lanka,7.2906,80.6337
2023-03-08,0.17532678321003914,kandy,sri lanka,7.2906,80.6337
2023-03-09,0.319804809987545,kandy,sri lanka,7.2906,80.6337
2023-03-10,0.23928489536046982,kandy,sri lanka,7.2906,80.6337
2023-03-11,3.1917348504066467,kandy,sri lanka,7.2906,80.6337
2023-03-12,11.032140254974365,kandy,sri lanka,7.2906,80.6337
2023-03-13,3.9976581931114197,kandy,sri lanka,7.2906,80.6337
2023-03-14,2.136509818956256,kandy,sri lanka,7.2906,80.6337
2023-03-15,3.9678990840911865,kandy,sri lanka,7.2906,80.6337
2023-03-16,4.238681495189667,kandy,sri lanka,7.2906,80.6337
2023-03-17,0.17247609794139862,kandy,sri lanka,7.2906,80.6337
2023-03-18,18.687512894393876,kandy,sri lanka,7.2906,80.6337
2023-03-19,20.16439139842987,kandy,sri lanka,7.2906,80.6337
2023-03-20,3.897947072982788,kandy,sri lanka,7.2906,80.6337
2023-03-21,1.787249743938446,kandy,sri lanka,7.2906,80.6337
2023-03-22,3.1294606626033783,kandy,sri lanka,7.2906,80.6337
2023-03-23,6.433523073792458,kandy,sri lanka,7.2906,80.6337
2023-03-24,8.597660064697266,kandy,sri lanka,7.2906,80.6337
2023-03-25,0.010575679237945224,kandy,sri lanka,7.2906,80.6337
2023-03-26,1.036408994696103,kandy,sri lanka,7.2906,80.6337
2023-03-27,0.4178339964710176,kandy,sri lanka,7.2906,80.6337
2023-03-28,0.028724537965432728,kandy,sri lanka,7.2906,80.6337
2023-03-29,0.7485738883929116,kandy,sri lanka,7.2906,80.6337
2023-03-30,0.9664535522460938,kandy,sri lanka,7.2906,80.6337
2023-03-31,0.9679744485765696,kandy,sri lanka,7.2906,80.6337
2023-04-01,3.0753538012504578,kandy,sri lanka,7.2906,80.6337
2023-04-02,9.226852655410767,kandy,sri lanka,7.2906,80.6337
2023-04-03,4.839402437210083,kandy,sri lanka,7.2906,80.6337
2023-04-04,22.687572240829468,kandy,sri lanka,7.2906,80.6337
2023-04-05,8.321741223335266,kandy,sri lanka,7.2906,80.6337
2023-04-06,1.0444672778248787,kandy,sri lanka,7.2906,80.6337
2023-04-07,3.3586818259209394,kandy,sri lanka,7.2906,80.6337
2023-04-08,6.784064322710037,kandy,sri lanka,7.2906,80.6337
2023-04-09,0.5174685793463141,kandy,sri lanka,7.2906,80.6337
2023-04-10,0.42755794711411,kandy,sri lanka,7.2906,80.6337
2023-04-11,0.016846420476213098,kandy,sri lanka,7.2906,80.6337
2023-04-12,0.03475134762993548,kandy,sri lanka,7.2906,80.6337
2023-04-13,0.5077466455986723,kandy,sri lanka,7.2906,80.6337
2023-04-14,0.6962612271308899,kandy,sri lanka,7.2906,80.6337
2023-04-15,3.7629079073667526,kandy,sri lanka,7.2906,80.6337
2023-04-16,2.0668666809797287,kandy,sri lanka,7.2906,80.6337
2023-04-17,0.1041887589963153,kandy,sri lanka,7.2906,80.6337
2023-04-18,0.02190348904491657,kandy,sri lanka,7.2906,80.6337
2023-04-19,0.03099240620940691,kandy,sri lanka,7.2906,80.6337
2023-04-20,0.9318744298070669,kandy,sri lanka,7.2906,80.6337
2023-04-21,4.462391138076782,kandy,sri lanka,7.2906,80.6337
2023-04-22,7.318246364593506,kandy,sri lanka,7.2906,80.6337
2023-04-23,3.6857306957244873,kandy,sri lanka,7.2906,80.6337
2023-04-24,8.014118671417236,kandy,sri lanka,7.2906,80.6337
2023-04-25,4.800671339035034,kandy,sri lanka,7.2906,80.6337
2023-04-26,17.315804958343506,kandy,sri lanka,7.2906,80.6337
2023-04-27,1.6607165336608887,kandy,sri lanka,7.2906,80.6337
2023-04-28,9.296831488609314,kandy,sri lanka,7.2906,80.6337
2023-04-29,27.729696035385132,kandy,sri lanka,7.2906,80.6337
2023-04-30,10.885584354400635,kandy,sri lanka,7.2906,80.6337
2023-05-01,16.30541430786252,kandy,sri lanka,7.2906,80.6337
2023-05-02,9.433498000726104,kandy,sri lanka,7.2906,80.6337
2023-05-03,11.609029769897461,kandy,sri lanka,7.2906,80.6337
2023-05-04,34.788358211517334,kandy,sri lanka,7.2906,80.6337
2023-05-05,12.273332476615906,kandy,sri lanka,7.2906,80.6337
2023-05-06,11.071350798010826,kandy,sri lanka,7.2906,80.6337
2023-05-07,6.457914412021637,kandy,sri lanka,7.2906,80.6337
2023-05-08,4.392003268003464,kandy,sri lanka,7.2906,80.6337
2023-05-09,10.936760902404785,kandy,sri lanka,7.2906,80.6337
2023-05-10,2.981322258710861,kandy,sri lanka,7.2906,80.6337
2023-05-11,1.8805637955665588,kandy,sri lanka,7.2906,80.6337
2023-05-12,3.045313060283661,kandy,sri lanka,7.2906,80.6337
2023-05-13,0.752805545926094,kandy,sri lanka,7.2906,80.6337
2023-05-14,0.47840550541877747,kandy,sri lanka,7.2906,80.6337
2023-05-15,0.08730155532248318,kandy,sri lanka,7.2906,80.6337
2023-05-16,0.014996233221609145,kandy,sri lanka,7.2906,80.6337
2023-05-17,0.48173340583161917,kandy,sri lanka,7.2906,80.6337
2023-05-18,4.655664414167404,kandy,sri lanka,7.2906,80.6337
2023-05-19,1.1342357844114304,kandy,sri lanka,7.2906,80.6337
2023-05-20,0.8866075426340103,kandy,sri lanka,7.2906,80.6337
2023-05-21,1.167890802025795,kandy,sri lanka,7.2906,80.6337
2023-05-22,0.452472735196352,kandy,sri lanka,7.2906,80.6337
2023-05-23,3.481573727913201,kandy,sri lanka,7.2906,80.6337
2023-05-24,0.056738968851277605,kandy,sri lanka,7.2906,80.6337
2023-05-25,0.0013632674381369725,kandy,sri lanka,7.2906,80.6337
2023-05-26,0.06712086615152657,kandy,sri lanka,7.2906,80.6337
2023-05-27,0.10404959321022034,kandy,sri lanka,7.2906,80.6337
2023-05-28,0.02403678372502327,kandy,sri lanka,7.2906,80.6337
2023-05-29,4.1804440843407065,kandy,sri lanka,7.2906,80.6337
2023-05-30,4.842634499073029,kandy,sri lanka,7.2906,80.6337
2023-05-31,1.1895596981048584,kandy,sri lanka,7.2906,80.6337
2023-06-01,2.299162745475769,kandy,sri lanka,7.2906,80.6337
2023-06-02,0.8999425219371915,kandy,sri lanka,7.2906,80.6337
2023-06-03,0.40549091063439846,kandy,sri lanka,7.2906,80.6337
2023-06-04,0.7730637677013874,kandy,sri lanka,7.2906,80.6337
2023-06-05,1.5906304121017456,kandy,sri lanka,7.2906,80.6337
2023-06-06,0.867607444524765,kandy,sri lanka,7.2906,80.6337
2023-06-07,4.069595038890839,kandy,sri lanka,7.2906,80.6337
2023-06-08,0.8123237639665604,kandy,sri lanka,7.2906,80.6337
2023-06-09,0.5016200244426727,kandy,sri lanka,7.2906,80.6337
2023-06-10,0.5280045792460442,kandy,sri lanka,7.2906,80.6337
2023-06-11,0.8265729993581772,kandy,sri lanka,7.2906,80.6337
2023-06-12,4.610985517501831,kandy,sri lanka,7.2906,80.6337
2023-06-13,5.042445659637451,kandy,sri lanka,7.2906,80.6337
2023-06-14,0.24327028077095747,kandy,sri lanka,7.2906,80.6337
2023-06-15,0.4073336720466614,kandy,sri lanka,7.2906,80.6337
2023-06-16,0.3677115775644779,kandy,sri lanka,7.2906,80.6337
2023-06-17,1.2443622574210167,kandy,sri lanka,7.2906,80.6337
2023-06-18,7.770788669586182,kandy,sri lanka,7.2906,80.6337
2023-06-19,0.8622497320175171,kandy,sri lanka,7.2906,80.6337
2023-06-20,0.8418247103691101,kandy,sri lanka,7.2906,80.6337
2023-06-21,1.5757475048303604,kandy,sri lanka,7.2906,80.6337
2023-06-22,3.2091759145259857,kandy,sri lanka,7.2906,80.6337
2023-06-23,0.20850361324846745,kandy,sri lanka,7.2906,80.6337
2023-06-24,0.34793028607964516,kandy,sri lanka,7.2906,80.6337
2023-06-25,2.2713348269462585,kandy,sri lanka,7.2906,80.6337
2023-06-26,1.7002405598759651,kandy,sri lanka,7.2906,80.6337
2023-06-27,2.507937513291836,kandy,sri lanka,7.2906,80.6337
2023-06-28,2.6754230260849,kandy,sri lanka,7.2906,80.6337
2023-06-29,7.447153329849243,kandy,sri lanka,7.2906,80.6337
2023-06-30,2.544193435460329,kandy,sri lanka,7.2906,80.6337
2023-07-01,0.953119620680809,kandy,sri lanka,7.2906,80.6337
2023-07-02,5.7065606117248535,kandy,sri lanka,7.2906,80.6337
2023-07-03,1.8967945128679276,kandy,sri lanka,7.2906,80.6337
2023-07-04,8.068889379501343,kandy,sri lanka,7.2906,80.6337
2023-07-05,10.06547212600708,kandy,sri lanka,7.2906,80.6337
2023-07-06,0.47024614177644253,kandy,sri lanka,7.2906,80.6337
2023-07-07,1.2916244566440582,kandy,sri lanka,7.2906,80.6337
2023-07-08,0.11227373324800283,kandy,sri lanka,7.2906,80.6337
2023-07-09,0.21913317614234984,kandy,sri lanka,7.2906,80.6337
2023-07-10,0.5543338134884834,kandy,sri lanka,7.2906,80.6337
2023-07-11,0.531412661075592,kandy,sri lanka,7.2906,80.6337
2023-07-12,0.27486272156238556,kandy,sri lanka,7.2906,80.6337
2023-07-13,1.747564785182476,kandy,sri lanka,7.2906,80.6337
2023-07-14,0.08020852692425251,kandy,sri lanka,7.2906,80.6337
2023-07-15,0.8506391197443008,kandy,sri lanka,7.2906,80.6337
2023-07-16,0.20765746012330055,kandy,sri lanka,7.2906,80.6337
2023-07-17,0.04228387260809541,kandy,sri lanka,7.2906,80.6337
2023-07-18,0.45318163465708494,kandy,sri lanka,7.2906,80.6337
2023-07-19,1.5773501247167587,kandy,sri lanka,7.2906,80.6337
2023-07-20,0.9069571271538734,kandy,sri lanka,7.2906,80.6337
2023-07-21,0.014490838839265052,kandy,sri lanka,7.2906,80.6337
2023-07-22,0.0013825210704254687,kandy,sri lanka,7.2906,80.6337
2023-07-23,1.7146204449090874,kandy,sri lanka,7.2906,80.6337
2023-07-24,3.959744540043175,kandy,sri lanka,7.2906,80.6337
2023-07-25,4.011216759681702,kandy,sri lanka,7.2906,80.6337
2023-07-26,0.9699312038719654,kandy,sri lanka,7.2906,80.6337
2023-07-27,0.12238693816470914,kandy,sri lanka,7.2906,80.6337
2023-07-28,0.0029032530747485907,kandy,sri lanka,7.2906,80.6337
2023-07-29,0.00185985539928879,kandy,sri lanka,7.2906,80.6337
2023-07-30,0.1856327720865414,kandy,sri lanka,7.2906,80.6337
2023-07-31,0.10411376888619372,kandy,sri lanka,7.2906,80.6337
2023-08-01,1.571330705552043e-05,kandy,sri lanka,7.2906,80.6337
2023-08-02,1.188395641893436e-05,kandy,sri lanka,7.2906,80.6337
2023-08-03,0.0,kandy,sri lanka,7.2906,80.6337
2023-08-04,0.004199621616862714,kandy,sri lanka,7.2906,80.6337
2023-08-05,0.014815662143519148,kandy,sri lanka,7.2906,80.6337
2023-08-06,1.48149215237936,kandy,sri lanka,7.2906,80.6337
2023-08-07,0.04477237105220411,kandy,sri lanka,7.2906,80.6337
2023-08-08,0.0031523298275715206,kandy,sri lanka,7.2906,80.6337
2023-08-09,0.6124490580987185,kandy,sri lanka,7.2906,80.6337
2023-08-10,0.4932984709739685,kandy,sri lanka,7.2906,80.6337
2023-08-11,4.362887889146805,kandy,sri lanka,7.2906,80.6337
2023-08-12,0.34445933997631073,kandy,sri lanka,7.2906,80.6337
2023-08-13,0.6049906834959984,kandy,sri lanka,7.2906,80.6337
2023-08-14,0.054054959036875516,kandy,sri lanka,7.2906,80.6337
2023-08-15,0.03261089441366494,kandy,sri lanka,7.2906,80.6337
2023-08-16,0.009227624104823917,kandy,sri lanka,7.2906,80.6337
2023-08-17,0.11199134823982604,kandy,sri lanka,7.2906,80.6337
2023-08-18,0.07975401822477579,kandy,sri lanka,7.2906,80.6337
2023-08-19,0.007535547047154978,kandy,sri lanka,7.2906,80.6337
2023-08-20,0.002453972410876304,kandy,sri lanka,7.2906,80.6337
2023-08-21,0.01879432238638401,kandy,sri lanka,7.2906,80.6337
2023-08-22,1.3223307207226753,kandy,sri lanka,7.2906,80.6337
2023-08-23,2.2410057485103607,kandy,sri lanka,7.2906,80.6337
2023-08-24,0.45300163328647614,kandy,sri lanka,7.2906,80.6337
2023-08-25,0.028387020836362353,kandy,sri lanka,7.2906,80.6337
2023-08-26,0.025048606107702653,kandy,sri lanka,7.2906,80.6337
2023-08-27,1.1649231892079115,kandy,sri lanka,7.2906,80.6337
2023-08-28,1.8475458025932312,kandy,sri lanka,7.2906,80.6337
2023-08-29,10.356907546520233,kandy,sri lanka,7.2906,80.6337
2023-08-30,2.9387421905994415,kandy,sri lanka,7.2906,80.6337
2023-08-31,14.207124710083008,kandy,sri lanka,7.2906,80.6337
2023-09-01,5.415071547031403,kandy,sri lanka,7.2906,80.6337
2023-09-02,12.62880563735962,kandy,sri lanka,7.2906,80.6337
2023-09-03,20.67403793334961,kandy,sri lanka,7.2906,80.6337
2023-09-04,6.009167432785034,kandy,sri lanka,7.2906,80.6337
2023-09-05,8.38058888912201,kandy,sri lanka,7.2906,80.6337
2023-09-06,10.195726901292801,kandy,sri lanka,7.2906,80.6337
2023-09-07,11.45826280117035,kandy,sri lanka,7.2906,80.6337
2023-09-08,0.8064731955528259,kandy,sri lanka,7.2906,80.6337
2023-09-09,0.32329922541975975,kandy,sri lanka,7.2906,80.6337
2023-09-10,2.9347792267799377,kandy,sri lanka,7.2906,80.6337
2023-09-11,4.2887382209300995,kandy,sri lanka,7.2906,80.6337
2023-09-12,1.652616262435913,kandy,sri lanka,7.2906,80.6337
2023-09-13,3.2034561038017273,kandy,sri lanka,7.2906,80.6337
2023-09-14,8.912122249603271,kandy,sri lanka,7.2906,80.6337
2023-09-15,0.6919763294717995,kandy,sri lanka,7.2906,80.6337
2023-09-16,0.05237229606791516,kandy,sri lanka,7.2906,80.6337
2023-09-17,8.146529272198677,kandy,sri lanka,7.2906,80.6337
2023-09-18,5.1208969205617905,kandy,sri lanka,7.2906,80.6337
2023-09-19,19.472086429595947,kandy,sri lanka,7.2906,80.6337
2023-09-20,3.2289035618305206,kandy,sri lanka,7.2906,80.6337
2023-09-21,2.901472896337509,kandy,sri lanka,7.2906,80.6337
2023-09-22,10.982412099838257,kandy,sri lanka,7.2906,80.6337
2023-09-23,2.814294397830963,kandy,sri lanka,7.2906,80.6337
2023-09-24,2.967354655265808,kandy,sri lanka,7.2906,80.6337
2023-09-25,6.584353744983673,kandy,sri lanka,7.2906,80.6337
2023-09-26,5.675715208053589,kandy,sri lanka,7.2906,80.6337
2023-09-27,13.634473085403442,kandy,sri lanka,7.2906,80.6337
2023-09-28,14.057162404060364,kandy,sri lanka,7.2906,80.6337
2023-09-29,12.599636614322662,kandy,sri lanka,7.2906,80.6337
2023-09-30,17.329210974276066,kandy,sri lanka,7.2906,80.6337
2023-10-01,21.144604682922363,kandy,sri lanka,7.2906,80.6337
2023-10-02,8.891656994819641,kandy,sri lanka,7.2906,80.6337
2023-10-03,10.725255310535431,kandy,sri lanka,7.2906,80.6337
2023-10-04,18.754863739013672,kandy,sri lanka,7.2906,80.6337
2023-10-05,5.006209015846252,kandy,sri lanka,7.2906,80.6337
2023-10-06,14.035892486572266,kandy,sri lanka,7.2906,80.6337
2023-10-07,10.421870648860931,kandy,sri lanka,7.2906,80.6337
2023-10-08,11.560910940170288,kandy,sri lanka,7.2906,80.6337
2023-10-09,15.330514311790466,kandy,sri lanka,7.2906,80.6337
2023-10-10,24.01539981365204,kandy,sri lanka,7.2906,80.6337
2023-10-11,12.691294401884079,kandy,sri lanka,7.2906,80.6337
2023-10-12,14.114595204591751,kandy,sri lanka,7.2906,80.6337
2023-10-13,24.488259851932526,kandy,sri lanka,7.2906,80.6337
2023-10-14,24.556133151054382,kandy,sri lanka,7.2906,80.6337
2023-10-15,12.053418159484863,kandy,sri lanka,7.2906,80.6337
2023-10-16,3.0809126794338226,kandy,sri lanka,7.2906,80.6337
2023-10-17,33.509936928749084,kandy,sri lanka,7.2906,80.6337
2023-10-18,10.658954456448555,kandy,sri lanka,7.2906,80.6337
2023-10-19,11.479800939559937,kandy,sri lanka,7.2906,80.6337
2023-10-20,19.561229646205902,kandy,sri lanka,7.2906,80.6337
2023-10-21,3.8891226053237915,kandy,sri lanka,7.2906,80.6337
2023-10-22,21.45877182483673,kandy,sri lanka,7.2906,80.6337
2023-10-23,4.489054705481976,kandy,sri lanka,7.2906,80.6337
2023-10-24,12.370790541172028,kandy,sri lanka,7.2906,80.6337
2023-10-25,4.215500503778458,kandy,sri lanka,7.2906,80.6337
2023-10-26,0.8233553242462222,kandy,sri lanka,7.2906,80.6337
2023-10-27,3.6354216746985912,kandy,sri lanka,7.2906,80.6337
2023-10-28,12.476134300231934,kandy,sri lanka,7.2906,80.6337
2023-10-29,15.064895153045654,kandy,sri lanka,7.2906,80.6337
2023-10-30,15.520817041397095,kandy,sri lanka,7.2906,80.6337
2023-10-31,15.286807715892792,kandy,sri lanka,7.2906,80.6337
2023-11-01,12.626771349459887,kandy,sri lanka,7.2906,80.6337
2023-11-02,12.057401239871979,kandy,sri lanka,7.2906,80.6337
2023-11-03,37.977612018585205,kandy,sri lanka,7.2906,80.6337
2023-11-04,43.00176501274109,kandy,sri lanka,7.2906,80.6337
2023-11-05,17.582201957702637,kandy,sri lanka,7.2906,80.6337
2023-11-06,8.743277192115784,kandy,sri lanka,7.2906,80.6337
2023-11-07,17.59486198425293,kandy,sri lanka,7.2906,80.6337
2023-11-08,13.788431882858276,kandy,sri lanka,7.2906,80.6337
2023-11-09,31.879395246505737,kandy,sri lanka,7.2906,80.6337
2023-11-10,7.184705883264542,kandy,sri lanka,7.2906,80.6337
2023-11-11,12.894290685653687,kandy,sri lanka,7.2906,80.6337
2023-11-12,15.707337856292725,kandy,sri lanka,7.2906,80.6337
2023-11-13,15.574970841407776,kandy,sri lanka,7.2906,80.6337
2023-11-14,12.564915418624878,kandy,sri lanka,7.2906,80.6337
2023-11-15,6.310144811868668,kandy,sri lanka,7.2906,80.6337
2023-11-16,3.830556571483612,kandy,sri lanka,7.2906,80.6337
2023-11-17,15.448397397994995,kandy,sri lanka,7.2906,80.6337
2023-11-18,31.98566436767578,kandy,sri lanka,7.2906,80.6337
2023-11-19,26.919829845428467,kandy,sri lanka,7.2906,80.6337
2023-11-20,16.537803411483765,kandy,sri lanka,7.2906,80.6337
2023-11-21,22.6661279797554,kandy,sri lanka,7.2906,80.6337
2023-11-22,31.908631324768066,kandy,sri lanka,7.2906,80.6337
2023-11-23,0.5768325179815292,kandy,sri lanka,7.2906,80.6337
2023-11-24,0.5770194344222546,kandy,sri lanka,7.2906,80.6337
2023-11-25,4.408116638660431,kandy,sri lanka,7.2906,80.6337
2023-11-26,3.042111173272133,kandy,sri lanka,7.2906,80.6337
2023-11-27,11.416876316070557,kandy,sri lanka,7.2906,80.6337
2023-11-28,6.53211772441864,kandy,sri lanka,7.2906,80.6337
2023-11-29,16.24678373336792,kandy,sri lanka,7.2906,80.6337
2023-11-30,12.304472923278809,kandy,sri lanka,7.2906,80.6337
2023-12-01,14.248377084732056,kandy,sri lanka,7.2906,80.6337
2023-12-02,7.700461149215698,kandy,sri lanka,7.2906,80.6337
2023-12-03,16.140031814575195,kandy,sri lanka,7.2906,80.6337
2023-12-04,8.876878023147583,kandy,sri lanka,7.2906,80.6337
2023-12-05,6.91988468170166,kandy,sri lanka,7.2906,80.6337
2023-12-06,2.578192949295044,kandy,sri lanka,7.2906,80.6337
2023-12-07,18.092187121510506,kandy,sri lanka,7.2906,80.6337
2023-12-08,32.167840003967285,kandy,sri lanka,7.2906,80.6337
2023-12-09,9.582352638244629,kandy,sri lanka,7.2906,80.6337
2023-12-10,11.09195351600647,kandy,sri lanka,7.2906,80.6337
2023-12-11,40.91310203075409,kandy,sri lanka,7.2906,80.6337
2023-12-12,22.356104850769043,kandy,sri lanka,7.2906,80.6337
2023-12-13,9.775793552398682,kandy,sri lanka,7.2906,80.6337
2023-12-14,16.22355580329895,kandy,sri lanka,7.2906,80.6337
2023-12-15,46.84488773345947,kandy,sri lanka,7.2906,80.6337
2023-12-16,14.854851365089417,kandy,sri lanka,7.2906,80.6337
2023-12-17,12.82804012298584,kandy,sri lanka,7.2906,80.6337
2023-12-18,23.257434368133545,kandy,sri lanka,7.2906,80.6337
2023-12-19,14.67323899269104,kandy,sri lanka,7.2906,80.6337
2023-12-20,5.712300539016724,kandy,sri lanka,7.2906,80.6337
2023-12-21,1.0141532868146896,kandy,sri lanka,7.2906,80.6337
2023-12-22,0.14972593635320663,kandy,sri lanka,7.2906,80.6337
2023-12-23,0.28607812710106373,kandy,sri lanka,7.2906,80.6337
2023-12-24,0.11488026939332485,kandy,sri lanka,7.2906,80.6337
2023-12-25,2.5438840384595096,kandy,sri lanka,7.2906,80.6337
2023-12-26,11.486345529556274,kandy,sri lanka,7.2906,80.6337
2023-12-27,35.091984272003174,kandy,sri lanka,7.2906,80.6337
2023-12-28,33.71751308441162,kandy,sri lanka,7.2906,80.6337
2023-12-29,21.239018440246582,kandy,sri lanka,7.2906,80.6337
2023-12-30,14.920592308044434,kandy,sri lanka,7.2906,80.6337
2023-12-31,14.12419080734253,kandy,sri lanka,7.2906,80.6337
2024-01-01,62.84447908401489,kandy,sri lanka,7.2906,80.6337
2024-01-02,4.687798954546452,kandy,sri lanka,7.2906,80.6337
2024-01-03,0.47385748475790024,kandy,sri lanka,7.2906,80.6337
2024-01-04,0.7858101278543472,kandy,sri lanka,7.2906,80.6337
2024-01-05,2.9827337712049484,kandy,sri lanka,7.2906,80.6337
2024-01-06,9.69744622707367,kandy,sri lanka,7.2906,80.6337
2024-01-07,11.578613519668579,kandy,sri lanka,7.2906,80.6337
2024-01-08,41.5956974029541,kandy,sri lanka,7.2906,80.6337
2024-01-09,47.0738410949707,kandy,sri lanka,7.2906,80.6337
2024-01-10,32.31611251831055,kandy,sri lanka,7.2906,80.6337
2024-01-11,2.3353591561317444,kandy,sri lanka,7.2906,80.6337
2024-01-12,0.06650419381912798,kandy,sri lanka,7.2906,80.6337
2024-01-13,0.16420728497905657,kandy,sri lanka,7.2906,80.6337
2024-01-14,0.10274092928739265,kandy,sri lanka,7.2906,80.6337
2024-01-15,0.0004005990035693685,kandy,sri lanka,7.2906,80.6337
2024-01-16,0.02080833655782044,kandy,sri lanka,7.2906,80.6337
2024-01-17,0.4771613166667521,kandy,sri lanka,7.2906,80.6337
2024-01-18,25.546753406524658,kandy,sri lanka,7.2906,80.6337
2024-01-19,12.60032057762146,kandy,sri lanka,7.2906,80.6337
2024-01-20,7.510855793952942,kandy,sri lanka,7.2906,80.6337
2024-01-21,0.1469706476200372,kandy,sri lanka,7.2906,80.6337
2024-01-22,0.014638073844253086,kandy,sri lanka,7.2906,80.6337
2024-01-23,0.0010057457458856334,kandy,sri lanka,7.2906,80.6337
2024-01-24,0.0003477220815284454,kandy,sri lanka,7.2906,80.6337
2024-01-25,0.0001898242267373007,kandy,sri lanka,7.2906,80.6337
2024-01-26,0.11574143791222014,kandy,sri lanka,7.2906,80.6337
2024-01-27,1.1142627568915486,kandy,sri lanka,7.2906,80.6337
2024-01-28,1.6040414571762085,kandy,sri lanka,7.2906,80.6337
2024-01-29,2.14383602142334,kandy,sri lanka,7.2906,80.6337
2024-01-30,7.394394278526306,kandy,sri lanka,7.2906,80.6337
2024-01-31,17.564673721790314,kandy,sri lanka,7.2906,80.6337
2024-02-01,2.381080761551857,kandy,sri lanka,7.2906,80.6337
2024-04-13,5.820232629776001,kandy,sri lanka,7.2906,80.6337
2024-04-14,10.072680562734604,kandy,sri lanka,7.2906,80.6337
2024-04-15,3.653232380747795,kandy,sri lanka,7.2906,80.6337
2024-04-16,2.4692684412002563,kandy,sri lanka,7.2906,80.6337
2024-04-17,0.36693845177069306,kandy,sri lanka,7.2906,80.6337
2024-04-18,0.14540158153977245,kandy,sri lanka,7.2906,80.6337
2024-04-19,0.37028733640909195,kandy,sri lanka,7.2906,80.6337
2024-04-20,5.057348683476448,kandy,sri lanka,7.2906,80.6337
2024-04-21,2.7604490518569946,kandy,sri lanka,7.2906,80.6337
2024-04-22,0.9151160717010498,kandy,sri lanka,7.2906,80.6337
2024-04-23,3.1727448105812073,kandy,sri lanka,7.2906,80.6337
2024-04-24,1.6889803111553192,kandy,sri lanka,7.2906,80.6337
2024-04-25,0.1975772564922984,kandy,sri lanka,7.2906,80.6337
2024-04-26,0.002016461468201669,kandy,sri lanka,7.2906,80.6337
2024-04-27,2.0485291723161936,kandy,sri lanka,7.2906,80.6337
2024-04-28,1.5488013625144958,kandy,sri lanka,7.2906,80.6337
2024-04-29,5.7086896151304245,kandy,sri lanka,7.2906,80.6337
2024-04-30,6.1921946704387665,kandy,sri lanka,7.2906,80.6337
2024-05-01,0.6763600744307041,kandy,sri lanka,7.2906,80.6337
2024-05-02,0.011142108484764324,kandy,sri lanka,7.2906,80.6337
2024-05-03,0.0067498863074888504,kandy,sri lanka,7.2906,80.6337
2024-05-04,0.0023450993467122316,kandy,sri lanka,7.2906,80.6337
2024-05-05,0.47112768224906176,kandy,sri lanka,7.2906,80.6337
2024-05-06,0.9759016335010529,kandy,sri lanka,7.2906,80.6337
2024-05-07,0.5267011933028698,kandy,sri lanka,7.2906,80.6337
2024-05-08,2.8069736436009407,kandy,sri lanka,7.2906,80.6337
2024-05-09,11.942079663276672,kandy,sri lanka,7.2906,80.6337
2024-05-10,7.463677413761616,kandy,sri lanka,7.2906,80.6337
2024-05-11,8.419695496559143,kandy,sri lanka,7.2906,80.6337
2024-05-12,9.363001585006714,kandy,sri lanka,7.2906,80.6337
2024-05-13,10.986797511577606,kandy,sri lanka,7.2906,80.6337
2024-05-14,19.488612189888954,kandy,sri lanka,7.2906,80.6337
2024-05-15,5.250865034759045,kandy,sri lanka,7.2906,80.6337
2024-05-16,16.804897785186768,kandy,sri lanka,7.2906,80.6337
2024-05-17,3.564468026161194,kandy,sri lanka,7.2906,80.6337
2024-05-18,31.874889135360718,kandy,sri lanka,7.2906,80.6337
2024-05-19,13.45052719116211,kandy,sri lanka,7.2906,80.6337
2024-05-20,5.26319146156311,kandy,sri lanka,7.2906,80.6337
2024-05-21,2.299614530056715,kandy,sri lanka,7.2906,80.6337
2024-05-22,8.785521984100342,kandy,sri lanka,7.2906,80.6337
2024-05-23,6.542229652404785,kandy,sri lanka,7.2906,80.6337
2024-05-24,12.115645408630371,kandy,sri lanka,7.2906,80.6337
2024-05-25,9.801006317138672,kandy,sri lanka,7.2906,80.6337
2024-05-26,5.683547258377075,kandy,sri lanka,7.2906,80.6337
2024-05-27,2.9469698667526245,kandy,sri lanka,7.2906,80.6337
2024-05-28,1.5941843390464783,kandy,sri lanka,7.2906,80.6337
2024-05-29,3.3000223338603973,kandy,sri lanka,7.2906,80.6337
2024-05-30,0.6555050611495972,kandy,sri lanka,7.2906,80.6337
2024-05-31,0.8234784007072449,kandy,sri lanka,7.2906,80.6337
2024-06-01,5.751625075936317,kandy,sri lanka,7.2906,80.6337
2024-06-02,13.88373076915741,kandy,sri lanka,7.2906,80.6337
2024-06-03,2.455468475818634,kandy,sri lanka,7.2906,80.6337
2024-06-04,0.8011423051357269,kandy,sri lanka,7.2906,80.6337
2024-06-05,0.11950165790040046,kandy,sri lanka,7.2906,80.6337
2024-06-06,0.47335579511127435,kandy,sri lanka,7.2906,80.6337
2024-06-07,2.0045220851898193,kandy,sri lanka,7.2906,80.6337
2024-06-08,1.0410524904727936,kandy,sri lanka,7.2906,80.6337
2024-06-09,4.091843962669373,kandy,sri lanka,7.2906,80.6337
2024-06-10,1.0675225406885147,kandy,sri lanka,7.2906,80.6337
2024-06-11,0.08804518729448318,kandy,sri lanka,7.2906,80.6337
2024-06-12,1.0749338194727898,kandy,sri lanka,7.2906,80.6337
2024-06-13,0.10058828629553318,kandy,sri lanka,7.2906,80.6337
2024-06-14,0.2785754855722189,kandy,sri lanka,7.2906,80.6337
2024-06-15,0.7960863411426544,kandy,sri lanka,7.2906,80.6337
2024-06-16,0.10863780771614984,kandy,sri lanka,7.2906,80.6337
2024-06-17,0.07311332446988672,kandy,sri lanka,7.2906,80.6337
2024-06-18,0.7393039762973785,kandy,sri lanka,7.2906,80.6337
2024-06-19,2.420298010110855,kandy,sri lanka,7.2906,80.6337
2024-06-20,4.502074420452118,kandy,sri lanka,7.2906,80.6337
2024-06-21,1.6674601938575506,kandy,sri lanka,7.2906,80.6337
2024-06-22,2.9221192002296448,kandy,sri lanka,7.2906,80.6337
2024-06-23,1.186496950685978,kandy,sri lanka,7.2906,80.6337
2024-06-24,4.673447459936142,kandy,sri lanka,7.2906,80.6337
2024-06-25,0.626423629000783,kandy,sri lanka,7.2906,80.6337
2024-06-26,5.507973209023476,kandy,sri lanka,7.2906,80.6337
2024-06-27,0.9229078888893127,kandy,sri lanka,7.2906,80.6337
2024-06-28,0.11817047416116111,kandy,sri lanka,7.2906,80.6337
2024-06-29,0.14725809451192617,kandy,sri lanka,7.2906,80.6337
2024-06-30,1.519632339477539,kandy,sri lanka,7.2906,80.6337
2024-07-01,1.3209066353738308,kandy,sri lanka,7.2906,80.6337
2024-07-02,0.36037322133779526,kandy,sri lanka,7.2906,80.6337
2024-07-03,0.9755965322256088,kandy,sri lanka,7.2906,80.6337
2024-07-04,1.4650938101112843,kandy,sri lanka,7.2906,80.6337
2024-07-05,8.090990781784058,kandy,sri lanka,7.2906,80.6337
2024-07-06,1.7534136772155762,kandy,sri lanka,7.2906,80.6337
2024-07-07,3.206755220890045,kandy,sri lanka,7.2906,80.6337
2024-07-08,1.3025737105635926,kandy,sri lanka,7.2906,80.6337
2024-07-09,0.20367406541481614,kandy,sri lanka,7.2906,80.6337
2024-07-10,0.4065323621034622,kandy,sri lanka,7.2906,80.6337
2024-07-11,0.5205195397138596,kandy,sri lanka,7.2906,80.6337
2024-07-12,3.1259268522262573,kandy,sri lanka,7.2906,80.6337
2024-07-13,2.367018023505807,kandy,sri lanka,7.2906,80.6337
2024-07-14,2.1008502691984177,kandy,sri lanka,7.2906,80.6337
2024-07-15,2.4518826976418495,kandy,sri lanka,7.2906,80.6337
2024-07-16,0.39238203316926956,kandy,sri lanka,7.2906,80.6337
2024-07-17,0.7014965638518333,kandy,sri lanka,7.2906,80.6337
2024-07-18,0.10720915161073208,kandy,sri lanka,7.2906,80.6337
2024-07-19,0.0031451781978830695,kandy,sri lanka,7.2906,80.6337
2024-07-20,0.000545772291760116,kandy,sri lanka,7.2906,80.6337
2024-07-21,0.3842896101559745,kandy,sri lanka,7.2906,80.6337
2024-07-22,0.7324563805013895,kandy,sri lanka,7.2906,80.6337
2024-07-23,0.4367440938949585,kandy,sri lanka,7.2906,80.6337
2024-07-24,0.07572043687105179,kandy,sri lanka,7.2906,80.6337
2024-07-25,0.005199522869858697,kandy,sri lanka,7.2906,80.6337
2024-07-26,0.005888783854146595,kandy,sri lanka,7.2906,80.6337
2024-07-27,0.026576015807222575,kandy,sri lanka,7.2906,80.6337
2024-07-28,3.6957321921363473,kandy,sri lanka,7.2906,80.6337
2024-07-29,9.248761273920536,kandy,sri lanka,7.2906,80.6337
2024-07-30,3.691951744258404,kandy,sri lanka,7.2906,80.6337
2024-07-31,0.969226285815239,kandy,sri lanka,7.2906,80.6337
2024-08-01,1.032402366399765,kandy,sri lanka,7.2906,80.6337
2024-08-02,1.3519322499632835,kandy,sri lanka,7.2906,80.6337
2024-08-03,1.5791036188602448,kandy,sri lanka,7.2906,80.6337
2024-08-04,1.8969789147377014,kandy,sri lanka,7.2906,80.6337
2024-08-05,5.452394485473633,kandy,sri lanka,7.2906,80.6337
2024-08-06,1.0228960309177637,kandy,sri lanka,7.2906,80.6337
2024-08-07,0.023216509725898504,kandy,sri lanka,7.2906,80.6337
2024-08-08,11.593841761350632,kandy,sri lanka,7.2906,80.6337
2024-08-09,1.1870945803821087,kandy,sri lanka,7.2906,80.6337
2024-08-10,0.34924624487757683,kandy,sri lanka,7.2906,80.6337
2024-08-11,16.673804819583893,kandy,sri lanka,7.2906,80.6337
2024-08-12,9.011095762252808,kandy,sri lanka,7.2906,80.6337
2024-08-13,15.87548553943634,kandy,sri lanka,7.2906,80.6337
2024-08-14,2.0711079239845276,kandy,sri lanka,7.2906,80.6337
2024-08-15,1.5384916216135025,kandy,sri lanka,7.2906,80.6337
2024-08-16,12.842202186584473,kandy,sri lanka,7.2906,80.6337
2024-08-17,9.92116928100586,kandy,sri lanka,7.2906,80.6337
2024-08-18,3.603266179561615,kandy,sri lanka,7.2906,80.6337
2024-08-19,11.68670654296875,kandy,sri lanka,7.2906,80.6337
2024-08-20,23.483330011367798,kandy,sri lanka,7.2906,80.6337
2024-08-21,1.4457860961556435,kandy,sri lanka,7.2906,80.6337
2024-08-22,0.11105408775620162,kandy,sri lanka,7.2906,80.6337
2024-08-23,0.06759942043572664,kandy,sri lanka,7.2906,80.6337
2024-08-24,0.048748310655355453,kandy,sri lanka,7.2906,80.6337
2024-08-25,0.025325868045911193,kandy,sri lanka,7.2906,80.6337
2024-08-26,0.0007171368363145803,kandy,sri lanka,7.2906,80.6337
2024-08-27,1.2651562997234578e-05,kandy,sri lanka,7.2906,80.6337
2024-08-28,0.06642916084729222,kandy,sri lanka,7.2906,80.6337
2024-08-29,0.7401689887046814,kandy,sri lanka,7.2906,80.6337
2024-08-30,4.196121543645859,kandy,sri lanka,7.2906,80.6337
2024-08-31,1.6033641993999481,kandy,sri lanka,7.2906,80.6337
2024-09-01,2.7145078405737877,kandy,sri lanka,7.2906,80.6337
2024-09-02,3.348630666732788,kandy,sri lanka,7.2906,80.6337
2024-09-03,0.891511794179678,kandy,sri lanka,7.2906,80.6337
2024-09-04,0.630570575594902,kandy,sri lanka,7.2906,80.6337
2024-09-05,0.4466657526791096,kandy,sri lanka,7.2906,80.6337
2024-09-06,0.3275010734796524,kandy,sri lanka,7.2906,80.6337
2024-09-07,1.8381010740995407,kandy,sri lanka,7.2906,80.6337
2024-09-08,1.606777310371399,kandy,sri lanka,7.2906,80.6337
2024-09-09,2.031223475933075,kandy,sri lanka,7.2906,80.6337
2024-09-10,1.5779972076416016,kandy,sri lanka,7.2906,80.6337
2024-09-11,1.258412841707468,kandy,sri lanka,7.2906,80.6337
2024-09-12,0.061052158707752824,kandy,sri lanka,7.2906,80.6337
2024-09-13,0.2544569782912731,kandy,sri lanka,7.2906,80.6337
2024-09-14,1.7605282366275787,kandy,sri lanka,7.2906,80.6337
2024-09-15,0.9622056037187576,kandy,sri lanka,7.2906,80.6337
2024-09-16,0.21029440686106682,kandy,sri lanka,7.2906,80.6337
2024-09-17,0.05066719022579491,kandy,sri lanka,7.2906,80.6337
2024-09-18,0.07622335106134415,kandy,sri lanka,7.2906,80.6337
2024-09-19,0.008785996033111587,kandy,sri lanka,7.2906,80.6337
2024-09-20,0.11209236981812865,kandy,sri lanka,7.2906,80.6337
2024-09-21,0.26903310790657997,kandy,sri lanka,7.2906,80.6337
2024-09-22,0.05988188786432147,kandy,sri lanka,7.2906,80.6337
2024-09-23,0.25599044747650623,kandy,sri lanka,7.2906,80.6337
2024-09-24,1.3811767101287842,kandy,sri lanka,7.2906,80.6337
2024-09-25,0.23569953627884388,kandy,sri lanka,7.2906,80.6337
2024-09-26,0.8426561951637268,kandy,sri lanka,7.2906,80.6337
2024-09-27,2.221539616584778,kandy,sri lanka,7.2906,80.6337
2024-09-28,2.2004378610290587,kandy,sri lanka,7.2906,80.6337
2024-09-29,9.527474641799927,kandy,sri lanka,7.2906,80.6337
2024-09-30,7.023686170578003,kandy,sri lanka,7.2906,80.6337
2024-10-01,2.3401468992233276,kandy,sri lanka,7.2906,80.6337
2024-10-02,3.845818340778351,kandy,sri lanka,7.2906,80.6337
2024-10-03,0.2702253288589418,kandy,sri lanka,7.2906,80.6337
2024-10-04,0.7146646385081112,kandy,sri lanka,7.2906,80.6337
2024-10-05,1.0223574936389923,kandy,sri lanka,7.2906,80.6337
2024-10-06,1.8569737672805786,kandy,sri lanka,7.2906,80.6337
2024-10-07,13.88171911239624,kandy,sri lanka,7.2906,80.6337
2024-10-08,13.273447751998901,kandy,sri lanka,7.2906,80.6337
2024-10-09,10.976564884185791,kandy,sri lanka,7.2906,80.6337
2024-10-10,11.403679847717285,kandy,sri lanka,7.2906,80.6337
2024-10-11,8.640950918197632,kandy,sri lanka,7.2906,80.6337
2024-10-12,5.776780843734741,kandy,sri lanka,7.2906,80.6337
2024-10-13,4.786951839923859,kandy,sri lanka,7.2906,80.6337
2024-10-14,13.951930962502956,kandy,sri lanka,7.2906,80.6337
2024-10-15,1.871603960171342,kandy,sri lanka,7.2906,80.6337
2024-10-16,1.6181163489818573,kandy,sri lanka,7.2906,80.6337
2024-10-17,0.05480879335664213,kandy,sri lanka,7.2906,80.6337
2024-10-18,0.008252546831499785,kandy,sri lanka,7.2906,80.6337
2024-10-19,0.17704657948343083,kandy,sri lanka,7.2906,80.6337
2024-10-20,2.5950975716114044,kandy,sri lanka,7.2906,80.6337
2024-10-21,6.646299362182617,kandy,sri lanka,7.2906,80.6337
2024-10-22,2.1375998854637146,kandy,sri lanka,7.2906,80.6337
2024-10-23,9.927713871002197,kandy,sri lanka,7.2906,80.6337
2024-10-24,0.6466051563620567,kandy,sri lanka,7.2906,80.6337
2024-10-25,0.5206012632697821,kandy,sri lanka,7.2906,80.6337
2024-10-26,3.083561360836029,kandy,sri lanka,7.2906,80.6337
2024-10-27,0.8709367364645004,kandy,sri lanka,7.2906,80.6337
2024-10-28,0.04186760634183884,kandy,sri lanka,7.2906,80.6337
2024-10-29,0.02968982919355767,kandy,sri lanka,7.2906,80.6337
2024-10-30,0.5447525189083535,kandy,sri lanka,7.2906,80.6337
2024-10-31,0.48119500279426575,kandy,sri lanka,7.2906,80.6337
2024-11-01,4.540383070707321,kandy,sri lanka,7.2906,80.6337
2024-11-02,38.770124316215515,kandy,sri lanka,7.2906,80.6337
2024-11-03,31.15321397781372,kandy,sri lanka,7.2906,80.6337
2024-11-04,25.649964809417725,kandy,sri lanka,7.2906,80.6337
2024-11-05,1.420037751131531,kandy,sri lanka,7.2906,80.6337
2024-11-06,0.05693140556104481,kandy,sri lanka,7.2906,80.6337
2024-11-07,17.520296573638916,kandy,sri lanka,7.2906,80.6337
2024-11-08,24.344158172607422,kandy,sri lanka,7.2906,80.6337
2024-11-09,3.6964545026421547,kandy,sri lanka,7.2906,80.6337
2024-11-10,0.5941675510257483,kandy,sri lanka,7.2906,80.6337
2024-11-11,0.14970917254686356,kandy,sri lanka,7.2906,80.6337
2024-11-12,3.510811273008585,kandy,sri lanka,7.2906,80.6337
2024-11-13,9.033572673797607,kandy,sri lanka,7.2906,80.6337
2024-11-14,4.272222518920898,kandy,sri lanka,7.2906,80.6337
2024-11-15,15.037214756011963,kandy,sri lanka,7.2906,80.6337
2024-11-16,4.753316938877106,kandy,sri lanka,7.2906,80.6337
2024-11-17,0.8600033819675446,kandy,sri lanka,7.2906,80.6337
2024-11-18,1.8939882516860962,kandy,sri lanka,7.2906,80.6337
2024-11-19,8.514779806137085,kandy,sri lanka,7.2906,80.6337
2024-11-20,7.880651950836182,kandy,sri lanka,7.2906,80.6337
2024-11-21,6.530106067657471,kandy,sri lanka,7.2906,80.6337
2024-11-22,10.599204897880554,kandy,sri lanka,7.2906,80.6337
2024-11-23,7.745508849620819,kandy,sri lanka,7.2906,80.6337
2024-11-24,18.502092361450195,kandy,sri lanka,7.2906,80.6337
2024-11-25,36.282992362976074,kandy,sri lanka,7.2906,80.6337
2024-11-26,58.55884552001953,kandy,sri lanka,7.2906,80.6337
2024-11-27,13.439798355102539,kandy,sri lanka,7.2906,80.6337
2024-11-28,1.470869779586792,kandy,sri lanka,7.2906,80.6337
2024-11-29,5.050019547343254,kandy,sri lanka,7.2906,80.6337
2024-11-30,0.4504191689193249,kandy,sri lanka,7.2906,80.6337
2024-12-01,0.00890159426489845,kandy,sri lanka,7.2906,80.6337
2024-12-02,0.00016975001564389913,kandy,sri lanka,7.2906,80.6337
2024-12-03,0.0005528075533334231,kandy,sri lanka,7.2906,80.6337
2024-12-04,0.578640807998454,kandy,sri lanka,7.2906,80.6337
2024-12-05,0.7581816986203194,kandy,sri lanka,7.2906,80.6337
2024-12-06,0.051795996841974556,kandy,sri lanka,7.2906,80.6337
2024-12-07,0.03028089558938518,kandy,sri lanka,7.2906,80.6337
2024-12-08,4.573912359774113,kandy,sri lanka,7.2906,80.6337
2024-12-09,0.12883401977887843,kandy,sri lanka,7.2906,80.6337
2024-12-10,0.6370941191562451,kandy,sri lanka,7.2906,80.6337
2024-12-11,4.162996262311935,kandy,sri lanka,7.2906,80.6337
2024-12-12,7.363870739936829,kandy,sri lanka,7.2906,80.6337
2024-12-13,31.461802124977112,kandy,sri lanka,7.2906,80.6337
2024-12-14,25.409692525863647,kandy,sri lanka,7.2906,80.6337
2024-12-15,4.814404249191284,kandy,sri lanka,7.2906,80.6337
2024-12-16,20.562994480133057,kandy,sri lanka,7.2906,80.6337
2024-12-17,0.7537107914686203,kandy,sri lanka,7.2906,80.6337
2024-12-18,0.3660175949335098,kandy,sri lanka,7.2906,80.6337
2024-12-19,2.1858760330360383,kandy,sri lanka,7.2906,80.6337
2024-12-20,4.554364085197449,kandy,sri lanka,7.2906,80.6337
2024-12-21,3.1971126794815063,kandy,sri lanka,7.2906,80.6337
2024-12-22,3.5226456820964813,kandy,sri lanka,7.2906,80.6337
2024-12-23,0.04107852038686133,kandy,sri lanka,7.2906,80.6337
2024-12-24,0.0003829896911611286,kandy,sri lanka,7.2906,80.6337
2024-12-25,0.0003005371761018172,kandy,sri lanka,7.2906,80.6337
2024-12-26,0.020075548673048615,kandy,sri lanka,7.2906,80.6337
2024-12-27,5.071238754317164,kandy,sri lanka,7.2906,80.6337
2024-12-28,1.376362144947052,kandy,sri lanka,7.2906,80.6337
2024-12-29,1.6514360904693604,kandy,sri lanka,7.2906,80.6337
2024-12-30,9.955548495054245,kandy,sri lanka,7.2906,80.6337
2024-12-31,16.76042675971985,kandy,sri lanka,7.2906,80.6337
