date,PS,region_name,country,latitude,longitude
2020-01-01,972.847392578125,jaipur,india,26.9124,75.7873
2020-01-02,972.599765625,jaipur,india,26.9124,75.7873
2020-01-03,970.6186100260417,jaipur,india,26.9124,75.7873
2020-01-04,970.4641080729167,jaipur,india,26.9124,75.7873
2020-01-05,970.7570670572917,jaipur,india,26.9124,75.7873
2020-01-06,970.6170963541667,jaipur,india,26.9124,75.7873
2020-01-07,967.6440787760416,jaipur,india,26.9124,75.7873
2020-01-08,968.2201888020833,jaipur,india,26.9124,75.7873
2020-01-09,972.545166015625,jaipur,india,26.9124,75.7873
2020-01-10,972.5995996093751,jaipur,india,26.9124,75.7873
2020-01-11,971.793125,jaipur,india,26.9124,75.7873
2020-01-12,967.5623958333334,jaipur,india,26.9124,75.7873
2020-01-13,965.2236816406249,jaipur,india,26.9124,75.7873
2020-01-14,967.8719889322916,jaipur,india,26.9124,75.7873
2020-01-15,967.95447265625,jaipur,india,26.9124,75.7873
2020-01-16,967.48650390625,jaipur,india,26.9124,75.7873
2020-01-17,969.2896321614584,jaipur,india,26.9124,75.7873
2020-01-18,970.6593522135416,jaipur,india,26.9124,75.7873
2020-01-19,971.3548274739583,jaipur,india,26.9124,75.7873
2020-01-20,970.1195507812499,jaipur,india,26.9124,75.7873
2020-01-21,970.7293619791667,jaipur,india,26.9124,75.7873
2020-01-22,973.2095377604168,jaipur,india,26.9124,75.7873
2020-01-23,972.68830078125,jaipur,india,26.9124,75.7873
2020-01-24,970.3081542968749,jaipur,india,26.9124,75.7873
2020-01-25,969.3987662760416,jaipur,india,26.9124,75.7873
2020-01-26,967.4106347656251,jaipur,india,26.9124,75.7873
2020-01-27,963.5076432291667,jaipur,india,26.9124,75.7873
2020-01-28,964.6504720052084,jaipur,india,26.9124,75.7873
2020-01-29,970.2602799479167,jaipur,india,26.9124,75.7873
2020-01-30,970.551376953125,jaipur,india,26.9124,75.7873
2020-01-31,968.41615234375,jaipur,india,26.9124,75.7873
2020-02-01,971.8889095052083,jaipur,india,26.9124,75.7873
2020-02-02,972.8622981770833,jaipur,india,26.9124,75.7873
2020-02-03,970.63966796875,jaipur,india,26.9124,75.7873
2020-02-04,969.3261816406249,jaipur,india,26.9124,75.7873
2020-02-05,969.7662109375,jaipur,india,26.9124,75.7873
2020-02-06,969.1130598958333,jaipur,india,26.9124,75.7873
2020-02-07,971.9658756510416,jaipur,india,26.9124,75.7873
2020-02-08,973.9672233072916,jaipur,india,26.9124,75.7873
2020-02-09,973.7782682291667,jaipur,india,26.9124,75.7873
2020-02-10,971.7346419270833,jaipur,india,26.9124,75.7873
2020-02-11,972.4719856770834,jaipur,india,26.9124,75.7873
2020-02-12,972.1661881510416,jaipur,india,26.9124,75.7873
2020-02-13,969.8416861979167,jaipur,india,26.9124,75.7873
2020-02-14,967.8850878906251,jaipur,india,26.9124,75.7873
2020-02-15,968.3293229166667,jaipur,india,26.9124,75.7873
2020-02-16,970.2364290364584,jaipur,india,26.9124,75.7873
2020-02-17,970.84212890625,jaipur,india,26.9124,75.7873
2020-02-18,968.2893912760416,jaipur,india,26.9124,75.7873
2020-02-19,965.8223990885417,jaipur,india,26.9124,75.7873
2020-02-20,964.7871386718749,jaipur,india,26.9124,75.7873
2020-02-21,970.2651888020833,jaipur,india,26.9124,75.7873
2020-02-22,972.400185546875,jaipur,india,26.9124,75.7873
2020-02-23,970.3495605468751,jaipur,india,26.9124,75.7873
2020-02-24,967.886923828125,jaipur,india,26.9124,75.7873
2020-02-25,967.5835677083334,jaipur,india,26.9124,75.7873
2020-02-26,967.930810546875,jaipur,india,26.9124,75.7873
2020-02-27,966.7112630208334,jaipur,india,26.9124,75.7873
2020-02-28,964.9707389322916,jaipur,india,26.9124,75.7873
2020-02-29,963.8686555989583,jaipur,india,26.9124,75.7873
2020-03-01,965.9441666666667,jaipur,india,26.9124,75.7873
2020-03-02,965.9203157552083,jaipur,india,26.9124,75.7873
2020-03-03,964.4562565104167,jaipur,india,26.9124,75.7873
2020-03-04,963.5233040364583,jaipur,india,26.9124,75.7873
2020-03-05,962.0662337239584,jaipur,india,26.9124,75.7873
2020-03-06,962.2823600260417,jaipur,india,26.9124,75.7873
2020-03-07,967.9628125,jaipur,india,26.9124,75.7873
2020-03-08,969.154453125,jaipur,india,26.9124,75.7873
2020-03-09,966.7003125,jaipur,india,26.9124,75.7873
2020-03-10,964.9221647135417,jaipur,india,26.9124,75.7873
2020-03-11,962.313115234375,jaipur,india,26.9124,75.7873
2020-03-12,965.1601009114584,jaipur,india,26.9124,75.7873
2020-03-13,967.7712499999999,jaipur,india,26.9124,75.7873
2020-03-14,968.6426595052084,jaipur,india,26.9124,75.7873
2020-03-15,969.604921875,jaipur,india,26.9124,75.7873
2020-03-16,969.692138671875,jaipur,india,26.9124,75.7873
2020-03-17,969.680546875,jaipur,india,26.9124,75.7873
2020-03-18,967.4808723958332,jaipur,india,26.9124,75.7873
2020-03-19,964.5770930989584,jaipur,india,26.9124,75.7873
2020-03-20,963.4098307291666,jaipur,india,26.9124,75.7873
2020-03-21,964.4165397135416,jaipur,india,26.9124,75.7873
2020-03-22,965.7447298177084,jaipur,india,26.9124,75.7873
2020-03-23,965.4329231770834,jaipur,india,26.9124,75.7873
2020-03-24,964.42203125,jaipur,india,26.9124,75.7873
2020-03-25,965.8132421874999,jaipur,india,26.9124,75.7873
2020-03-26,966.3310286458333,jaipur,india,26.9124,75.7873
2020-03-27,967.4605013020833,jaipur,india,26.9124,75.7873
2020-03-28,967.3079329427082,jaipur,india,26.9124,75.7873
2020-03-29,966.5201692708333,jaipur,india,26.9124,75.7873
2020-03-30,965.8541080729166,jaipur,india,26.9124,75.7873
2020-03-31,964.3266341145833,jaipur,india,26.9124,75.7873
2020-04-01,964.3301595052084,jaipur,india,26.9124,75.7873
2020-04-02,965.3321516927084,jaipur,india,26.9124,75.7873
2020-04-03,966.1936490885417,jaipur,india,26.9124,75.7873
2020-04-04,965.88083984375,jaipur,india,26.9124,75.7873
2020-04-05,965.0857421874999,jaipur,india,26.9124,75.7873
2020-04-06,964.7748177083334,jaipur,india,26.9124,75.7873
2020-04-07,962.3084114583334,jaipur,india,26.9124,75.7873
2020-04-08,963.9754459635416,jaipur,india,26.9124,75.7873
2020-04-09,964.6641927083333,jaipur,india,26.9124,75.7873
2020-04-10,965.1850032552084,jaipur,india,26.9124,75.7873
2020-04-11,966.3403808593749,jaipur,india,26.9124,75.7873
2020-04-12,964.6382259114583,jaipur,india,26.9124,75.7873
2020-04-13,962.6169010416667,jaipur,india,26.9124,75.7873
2020-04-14,963.640263671875,jaipur,india,26.9124,75.7873
2020-04-15,962.587607421875,jaipur,india,26.9124,75.7873
2020-04-16,961.2055891927083,jaipur,india,26.9124,75.7873
2020-04-17,961.0559374999999,jaipur,india,26.9124,75.7873
2020-04-18,962.4180794270833,jaipur,india,26.9124,75.7873
2020-04-19,962.319052734375,jaipur,india,26.9124,75.7873
2020-04-20,963.5298470052084,jaipur,india,26.9124,75.7873
2020-04-21,963.13521484375,jaipur,india,26.9124,75.7873
2020-04-22,961.76416015625,jaipur,india,26.9124,75.7873
2020-04-23,961.3772884114583,jaipur,india,26.9124,75.7873
2020-04-24,959.0418391927083,jaipur,india,26.9124,75.7873
2020-04-25,959.9195865885416,jaipur,india,26.9124,75.7873
2020-04-26,961.460302734375,jaipur,india,26.9124,75.7873
2020-04-27,963.4797200520834,jaipur,india,26.9124,75.7873
2020-04-28,963.8989876302084,jaipur,india,26.9124,75.7873
2020-04-29,962.4990299479167,jaipur,india,26.9124,75.7873
2020-04-30,962.30375,jaipur,india,26.9124,75.7873
2020-05-01,960.4601725260417,jaipur,india,26.9124,75.7873
2020-05-02,959.0405501302083,jaipur,india,26.9124,75.7873
2020-05-03,959.6873697916667,jaipur,india,26.9124,75.7873
2020-05-04,962.3383463541667,jaipur,india,26.9124,75.7873
2020-05-05,961.6499739583334,jaipur,india,26.9124,75.7873
2020-05-06,960.2922884114583,jaipur,india,26.9124,75.7873
2020-05-07,960.7104980468749,jaipur,india,26.9124,75.7873
2020-05-08,959.54150390625,jaipur,india,26.9124,75.7873
2020-05-09,959.8798014322916,jaipur,india,26.9124,75.7873
2020-05-10,960.5832031250001,jaipur,india,26.9124,75.7873
2020-05-11,961.20890625,jaipur,india,26.9124,75.7873
2020-05-12,960.970615234375,jaipur,india,26.9124,75.7873
2020-05-13,960.2580891927083,jaipur,india,26.9124,75.7873
2020-05-14,959.9666015624999,jaipur,india,26.9124,75.7873
2020-05-15,959.5192057291666,jaipur,india,26.9124,75.7873
2020-05-16,959.0069270833334,jaipur,india,26.9124,75.7873
2020-05-17,957.5051725260417,jaipur,india,26.9124,75.7873
2020-05-18,956.9229361979168,jaipur,india,26.9124,75.7873
2020-05-19,956.6193750000001,jaipur,india,26.9124,75.7873
2020-05-20,956.3035123697917,jaipur,india,26.9124,75.7873
2020-05-21,955.7597753906249,jaipur,india,26.9124,75.7873
2020-05-22,956.1209830729167,jaipur,india,26.9124,75.7873
2020-05-23,957.6030891927084,jaipur,india,26.9124,75.7873
2020-05-24,958.0197884114583,jaipur,india,26.9124,75.7873
2020-05-25,957.481533203125,jaipur,india,26.9124,75.7873
2020-05-26,956.2155143229166,jaipur,india,26.9124,75.7873
2020-05-27,954.3030533854167,jaipur,india,26.9124,75.7873
2020-05-28,954.3759212239584,jaipur,india,26.9124,75.7873
2020-05-29,956.2797428385417,jaipur,india,26.9124,75.7873
2020-05-30,959.6745638020833,jaipur,india,26.9124,75.7873
2020-05-31,961.0136783854167,jaipur,india,26.9124,75.7873
2020-06-01,961.2095572916666,jaipur,india,26.9124,75.7873
2020-06-02,959.1225846354167,jaipur,india,26.9124,75.7873
2020-06-03,957.1178548177082,jaipur,india,26.9124,75.7873
2020-06-04,957.3520605468751,jaipur,india,26.9124,75.7873
2020-06-05,956.7986881510416,jaipur,india,26.9124,75.7873
2020-06-06,956.6076757812499,jaipur,india,26.9124,75.7873
2020-06-07,957.0378255208334,jaipur,india,26.9124,75.7873
2020-06-08,957.1741503906251,jaipur,india,26.9124,75.7873
2020-06-09,956.738701171875,jaipur,india,26.9124,75.7873
2020-06-10,955.7959049479167,jaipur,india,26.9124,75.7873
2020-06-11,954.4415364583333,jaipur,india,26.9124,75.7873
2020-06-12,952.6702864583334,jaipur,india,26.9124,75.7873
2020-06-13,953.8935677083333,jaipur,india,26.9124,75.7873
2020-06-14,954.3748014322917,jaipur,india,26.9124,75.7873
2020-06-15,952.5749348958334,jaipur,india,26.9124,75.7873
2020-06-16,950.7167447916667,jaipur,india,26.9124,75.7873
2020-06-17,950.5219628906251,jaipur,india,26.9124,75.7873
2020-06-18,952.364599609375,jaipur,india,26.9124,75.7873
2020-06-19,954.3825130208334,jaipur,india,26.9124,75.7873
2020-06-20,955.4638769531249,jaipur,india,26.9124,75.7873
2020-06-21,954.6498567708333,jaipur,india,26.9124,75.7873
2020-06-22,954.3879459635417,jaipur,india,26.9124,75.7873
2020-06-23,955.956171875,jaipur,india,26.9124,75.7873
2020-06-24,955.8807975260416,jaipur,india,26.9124,75.7873
2020-06-25,954.6126595052083,jaipur,india,26.9124,75.7873
2020-06-26,954.2985774739583,jaipur,india,26.9124,75.7873
2020-06-27,954.2579622395833,jaipur,india,26.9124,75.7873
2020-06-28,953.930947265625,jaipur,india,26.9124,75.7873
2020-06-29,954.6730729166667,jaipur,india,26.9124,75.7873
2020-06-30,954.326533203125,jaipur,india,26.9124,75.7873
2020-07-01,953.6333496093749,jaipur,india,26.9124,75.7873
2020-07-02,952.4035742187499,jaipur,india,26.9124,75.7873
2020-07-03,951.5978352864582,jaipur,india,26.9124,75.7873
2020-07-04,951.461630859375,jaipur,india,26.9124,75.7873
2020-07-05,951.9401399739583,jaipur,india,26.9124,75.7873
2020-07-06,951.7508626302083,jaipur,india,26.9124,75.7873
2020-07-07,954.300712890625,jaipur,india,26.9124,75.7873
2020-07-08,955.1271874999999,jaipur,india,26.9124,75.7873
2020-07-09,953.4382194010417,jaipur,india,26.9124,75.7873
2020-07-10,953.0049576822917,jaipur,india,26.9124,75.7873
2020-07-11,952.4875032552083,jaipur,india,26.9124,75.7873
2020-07-12,954.3489615885416,jaipur,india,26.9124,75.7873
2020-07-13,954.2396419270834,jaipur,india,26.9124,75.7873
2020-07-14,954.6032096354166,jaipur,india,26.9124,75.7873
2020-07-15,953.7384212239584,jaipur,india,26.9124,75.7873
2020-07-16,952.9529069010417,jaipur,india,26.9124,75.7873
2020-07-17,953.7605403645833,jaipur,india,26.9124,75.7873
2020-07-18,954.70068359375,jaipur,india,26.9124,75.7873
2020-07-19,954.180966796875,jaipur,india,26.9124,75.7873
2020-07-20,952.9286621093751,jaipur,india,26.9124,75.7873
2020-07-21,955.8183333333333,jaipur,india,26.9124,75.7873
2020-07-22,956.885888671875,jaipur,india,26.9124,75.7873
2020-07-23,955.8842643229167,jaipur,india,26.9124,75.7873
2020-07-24,957.8330208333333,jaipur,india,26.9124,75.7873
2020-07-25,959.2289550781251,jaipur,india,26.9124,75.7873
2020-07-26,959.04923828125,jaipur,india,26.9124,75.7873
2020-07-27,957.2960774739582,jaipur,india,26.9124,75.7873
2020-07-28,955.6147005208333,jaipur,india,26.9124,75.7873
2020-07-29,955.6190690104166,jaipur,india,26.9124,75.7873
2020-07-30,957.1883203125,jaipur,india,26.9124,75.7873
2020-07-31,956.0402213541666,jaipur,india,26.9124,75.7873
2020-08-01,955.5637858072918,jaipur,india,26.9124,75.7873
2020-08-02,953.7876302083333,jaipur,india,26.9124,75.7873
2020-08-03,950.6537239583332,jaipur,india,26.9124,75.7873
2020-08-04,948.9731608072916,jaipur,india,26.9124,75.7873
2020-08-05,949.8975065104167,jaipur,india,26.9124,75.7873
2020-08-06,951.296484375,jaipur,india,26.9124,75.7873
2020-08-07,954.0182291666666,jaipur,india,26.9124,75.7873
2020-08-08,953.4510807291667,jaipur,india,26.9124,75.7873
2020-08-09,952.8791438802083,jaipur,india,26.9124,75.7873
2020-08-10,953.6755468749999,jaipur,india,26.9124,75.7873
2020-08-11,954.2303743489583,jaipur,india,26.9124,75.7873
2020-08-12,953.783076171875,jaipur,india,26.9124,75.7873
2020-08-13,952.0685221354166,jaipur,india,26.9124,75.7873
2020-08-14,950.9587727864583,jaipur,india,26.9124,75.7873
2020-08-15,951.2845572916667,jaipur,india,26.9124,75.7873
2020-08-16,952.0611132812501,jaipur,india,26.9124,75.7873
2020-08-17,953.0065462239583,jaipur,india,26.9124,75.7873
2020-08-18,953.4069661458334,jaipur,india,26.9124,75.7873
2020-08-19,953.30650390625,jaipur,india,26.9124,75.7873
2020-08-20,955.3469140625001,jaipur,india,26.9124,75.7873
2020-08-21,956.5168717447917,jaipur,india,26.9124,75.7873
2020-08-22,955.168359375,jaipur,india,26.9124,75.7873
2020-08-23,953.1249186197916,jaipur,india,26.9124,75.7873
2020-08-24,954.06705078125,jaipur,india,26.9124,75.7873
2020-08-25,956.8796647135417,jaipur,india,26.9124,75.7873
2020-08-26,959.0133658854166,jaipur,india,26.9124,75.7873
2020-08-27,957.7215885416666,jaipur,india,26.9124,75.7873
2020-08-28,956.3734505208334,jaipur,india,26.9124,75.7873
2020-08-29,955.189677734375,jaipur,india,26.9124,75.7873
2020-08-30,954.2628580729166,jaipur,india,26.9124,75.7873
2020-08-31,957.3685677083334,jaipur,india,26.9124,75.7873
2020-09-01,,jaipur,india,26.9124,75.7873
2020-09-02,,jaipur,india,26.9124,75.7873
2020-09-03,,jaipur,india,26.9124,75.7873
2020-09-04,,jaipur,india,26.9124,75.7873
2020-09-05,,jaipur,india,26.9124,75.7873
2020-09-06,,jaipur,india,26.9124,75.7873
2020-09-07,,jaipur,india,26.9124,75.7873
2020-09-08,,jaipur,india,26.9124,75.7873
2020-09-09,,jaipur,india,26.9124,75.7873
2020-09-10,,jaipur,india,26.9124,75.7873
2020-09-11,,jaipur,india,26.9124,75.7873
2020-09-12,,jaipur,india,26.9124,75.7873
2020-09-13,,jaipur,india,26.9124,75.7873
2020-09-14,,jaipur,india,26.9124,75.7873
2020-09-15,,jaipur,india,26.9124,75.7873
2020-09-16,,jaipur,india,26.9124,75.7873
2020-09-17,,jaipur,india,26.9124,75.7873
2020-09-18,,jaipur,india,26.9124,75.7873
2020-09-19,,jaipur,india,26.9124,75.7873
2020-09-20,,jaipur,india,26.9124,75.7873
2020-09-21,,jaipur,india,26.9124,75.7873
2020-09-22,,jaipur,india,26.9124,75.7873
2020-09-23,,jaipur,india,26.9124,75.7873
2020-09-24,,jaipur,india,26.9124,75.7873
2020-09-25,,jaipur,india,26.9124,75.7873
2020-09-26,,jaipur,india,26.9124,75.7873
2020-09-27,,jaipur,india,26.9124,75.7873
2020-09-28,,jaipur,india,26.9124,75.7873
2020-09-29,,jaipur,india,26.9124,75.7873
2020-09-30,,jaipur,india,26.9124,75.7873
2020-10-01,959.7330598958333,jaipur,india,26.9124,75.7873
2020-10-02,960.6637467447916,jaipur,india,26.9124,75.7873
2020-10-03,961.2839713541666,jaipur,india,26.9124,75.7873
2020-10-04,961.4936197916667,jaipur,india,26.9124,75.7873
2020-10-05,961.3136263020833,jaipur,india,26.9124,75.7873
2020-10-06,962.032373046875,jaipur,india,26.9124,75.7873
2020-10-07,963.4961588541668,jaipur,india,26.9124,75.7873
2020-10-08,963.87748046875,jaipur,india,26.9124,75.7873
2020-10-09,963.4991829427084,jaipur,india,26.9124,75.7873
2020-10-10,962.2759895833333,jaipur,india,26.9124,75.7873
2020-10-11,960.5118587239584,jaipur,india,26.9124,75.7873
2020-10-12,959.4038313802083,jaipur,india,26.9124,75.7873
2020-10-13,960.2701236979166,jaipur,india,26.9124,75.7873
2020-10-14,961.1658528645834,jaipur,india,26.9124,75.7873
2020-10-15,961.4418684895833,jaipur,india,26.9124,75.7873
2020-10-16,961.1509049479167,jaipur,india,26.9124,75.7873
2020-10-17,962.0382942708334,jaipur,india,26.9124,75.7873
2020-10-18,962.043212890625,jaipur,india,26.9124,75.7873
2020-10-19,962.2535579427084,jaipur,india,26.9124,75.7873
2020-10-20,962.1348274739584,jaipur,india,26.9124,75.7873
2020-10-21,962.1050032552083,jaipur,india,26.9124,75.7873
2020-10-22,961.0069986979166,jaipur,india,26.9124,75.7873
2020-10-23,961.3278645833334,jaipur,india,26.9124,75.7873
2020-10-24,962.456181640625,jaipur,india,26.9124,75.7873
2020-10-25,964.8020670572918,jaipur,india,26.9124,75.7873
2020-10-26,965.864375,jaipur,india,26.9124,75.7873
2020-10-27,965.9467871093751,jaipur,india,26.9124,75.7873
2020-10-28,966.3194466145833,jaipur,india,26.9124,75.7873
2020-10-29,967.012119140625,jaipur,india,26.9124,75.7873
2020-10-30,967.4465462239583,jaipur,india,26.9124,75.7873
2020-10-31,967.4390462239584,jaipur,india,26.9124,75.7873
2020-11-01,968.1559570312501,jaipur,india,26.9124,75.7873
2020-11-02,968.5744954427083,jaipur,india,26.9124,75.7873
2020-11-03,967.446220703125,jaipur,india,26.9124,75.7873
2020-11-04,966.4310026041667,jaipur,india,26.9124,75.7873
2020-11-05,968.2061295572917,jaipur,india,26.9124,75.7873
2020-11-06,970.41935546875,jaipur,india,26.9124,75.7873
2020-11-07,971.0630924479166,jaipur,india,26.9124,75.7873
2020-11-08,971.28908203125,jaipur,india,26.9124,75.7873
2020-11-09,969.2415690104167,jaipur,india,26.9124,75.7873
2020-11-10,968.7965657552082,jaipur,india,26.9124,75.7873
2020-11-11,970.641806640625,jaipur,india,26.9124,75.7873
2020-11-12,971.3971875000001,jaipur,india,26.9124,75.7873
2020-11-13,969.8837825520833,jaipur,india,26.9124,75.7873
2020-11-14,967.3509830729167,jaipur,india,26.9124,75.7873
2020-11-15,966.7747363281251,jaipur,india,26.9124,75.7873
2020-11-16,968.2982063802083,jaipur,india,26.9124,75.7873
2020-11-17,967.1893326822916,jaipur,india,26.9124,75.7873
2020-11-18,966.0672395833334,jaipur,india,26.9124,75.7873
2020-11-19,967.0649869791667,jaipur,india,26.9124,75.7873
2020-11-20,968.9590136718749,jaipur,india,26.9124,75.7873
2020-11-21,969.5532324218749,jaipur,india,26.9124,75.7873
2020-11-22,969.6107975260417,jaipur,india,26.9124,75.7873
2020-11-23,969.0868815104167,jaipur,india,26.9124,75.7873
2020-11-24,968.2013118489584,jaipur,india,26.9124,75.7873
2020-11-25,968.54150390625,jaipur,india,26.9124,75.7873
2020-11-26,972.2910091145833,jaipur,india,26.9124,75.7873
2020-11-27,973.8878287760417,jaipur,india,26.9124,75.7873
2020-11-28,972.0557747395833,jaipur,india,26.9124,75.7873
2020-11-29,970.5938834635417,jaipur,india,26.9124,75.7873
2020-11-30,970.0214322916667,jaipur,india,26.9124,75.7873
2020-12-01,970.2060774739583,jaipur,india,26.9124,75.7873
2020-12-02,968.3408040364584,jaipur,india,26.9124,75.7873
2020-12-03,967.28759765625,jaipur,india,26.9124,75.7873
2020-12-04,965.8774055989584,jaipur,india,26.9124,75.7873
2020-12-05,966.5751920572917,jaipur,india,26.9124,75.7873
2020-12-06,969.05708984375,jaipur,india,26.9124,75.7873
2020-12-07,970.4453450520833,jaipur,india,26.9124,75.7873
2020-12-08,969.8283984374999,jaipur,india,26.9124,75.7873
2020-12-09,967.67185546875,jaipur,india,26.9124,75.7873
2020-12-10,967.5441471354167,jaipur,india,26.9124,75.7873
2020-12-11,967.4226204427083,jaipur,india,26.9124,75.7873
2020-12-12,968.141513671875,jaipur,india,26.9124,75.7873
2020-12-13,967.7683430989583,jaipur,india,26.9124,75.7873
2020-12-14,968.9065494791666,jaipur,india,26.9124,75.7873
2020-12-15,970.85314453125,jaipur,india,26.9124,75.7873
2020-12-16,973.0324804687501,jaipur,india,26.9124,75.7873
2020-12-17,972.063095703125,jaipur,india,26.9124,75.7873
2020-12-18,971.5815592447916,jaipur,india,26.9124,75.7873
2020-12-19,972.1778776041666,jaipur,india,26.9124,75.7873
2020-12-20,971.9725358072916,jaipur,india,26.9124,75.7873
2020-12-21,969.5097493489584,jaipur,india,26.9124,75.7873
2020-12-22,968.1296647135417,jaipur,india,26.9124,75.7873
2020-12-23,967.4283528645833,jaipur,india,26.9124,75.7873
2020-12-24,968.404853515625,jaipur,india,26.9124,75.7873
2020-12-25,969.1139322916666,jaipur,india,26.9124,75.7873
2020-12-26,968.3085449218751,jaipur,india,26.9124,75.7873
2020-12-27,965.8613216145833,jaipur,india,26.9124,75.7873
2020-12-28,968.9717057291667,jaipur,india,26.9124,75.7873
2020-12-29,970.2903678385416,jaipur,india,26.9124,75.7873
2020-12-30,971.2459016927083,jaipur,india,26.9124,75.7873
2020-12-31,970.23736328125,jaipur,india,26.9124,75.7873
2021-01-01,968.610146484375,jaipur,india,26.9124,75.7873
2021-01-02,966.7635123697916,jaipur,india,26.9124,75.7873
2021-01-03,965.4808528645834,jaipur,india,26.9124,75.7873
2021-01-04,967.0873763020833,jaipur,india,26.9124,75.7873
2021-01-05,967.1170149739584,jaipur,india,26.9124,75.7873
2021-01-06,968.1041048177084,jaipur,india,26.9124,75.7873
2021-01-07,966.6344075520833,jaipur,india,26.9124,75.7873
2021-01-08,966.8128352864583,jaipur,india,26.9124,75.7873
2021-01-09,968.0944335937501,jaipur,india,26.9124,75.7873
2021-01-10,968.503037109375,jaipur,india,26.9124,75.7873
2021-01-11,969.8322298177083,jaipur,india,26.9124,75.7873
2021-01-12,969.7356184895833,jaipur,india,26.9124,75.7873
2021-01-13,968.5960123697918,jaipur,india,26.9124,75.7873
2021-01-14,967.7638671875001,jaipur,india,26.9124,75.7873
2021-01-15,966.6885611979166,jaipur,india,26.9124,75.7873
2021-01-16,965.3212565104167,jaipur,india,26.9124,75.7873
2021-01-17,966.4820182291666,jaipur,india,26.9124,75.7873
2021-01-18,966.957255859375,jaipur,india,26.9124,75.7873
2021-01-19,966.9700846354167,jaipur,india,26.9124,75.7873
2021-01-20,967.8950390625,jaipur,india,26.9124,75.7873
2021-01-21,966.9471451822916,jaipur,india,26.9124,75.7873
2021-01-22,965.7876497395833,jaipur,india,26.9124,75.7873
2021-01-23,965.2795507812499,jaipur,india,26.9124,75.7873
2021-01-24,968.9623372395832,jaipur,india,26.9124,75.7873
2021-01-25,970.18763671875,jaipur,india,26.9124,75.7873
2021-01-26,969.851416015625,jaipur,india,26.9124,75.7873
2021-01-27,969.6694824218749,jaipur,india,26.9124,75.7873
2021-01-28,970.3103743489584,jaipur,india,26.9124,75.7873
2021-01-29,971.012138671875,jaipur,india,26.9124,75.7873
2021-01-30,969.6175520833334,jaipur,india,26.9124,75.7873
2021-01-31,970.0660319010417,jaipur,india,26.9124,75.7873
2021-02-01,970.96181640625,jaipur,india,26.9124,75.7873
2021-02-02,968.6726529947917,jaipur,india,26.9124,75.7873
2021-02-03,967.4865299479167,jaipur,india,26.9124,75.7873
2021-02-04,968.1291634114583,jaipur,india,26.9124,75.7873
2021-02-05,969.933203125,jaipur,india,26.9124,75.7873
2021-02-06,970.7938736979168,jaipur,india,26.9124,75.7873
2021-02-07,970.7085319010416,jaipur,india,26.9124,75.7873
2021-02-08,969.8342545572917,jaipur,india,26.9124,75.7873
2021-02-09,966.7955859375,jaipur,india,26.9124,75.7873
2021-02-10,966.158876953125,jaipur,india,26.9124,75.7873
2021-02-11,966.460654296875,jaipur,india,26.9124,75.7873
2021-02-12,967.5659667968749,jaipur,india,26.9124,75.7873
2021-02-13,967.3052897135417,jaipur,india,26.9124,75.7873
2021-02-14,966.5699739583333,jaipur,india,26.9124,75.7873
2021-02-15,964.8200553385417,jaipur,india,26.9124,75.7873
2021-02-16,965.00845703125,jaipur,india,26.9124,75.7873
2021-02-17,967.0093912760417,jaipur,india,26.9124,75.7873
2021-02-18,969.74904296875,jaipur,india,26.9124,75.7873
2021-02-19,971.7590462239583,jaipur,india,26.9124,75.7873
2021-02-20,971.2604036458333,jaipur,india,26.9124,75.7873
2021-02-21,970.0981477864584,jaipur,india,26.9124,75.7873
2021-02-22,968.0807356770833,jaipur,india,26.9124,75.7873
2021-02-23,965.9015266927084,jaipur,india,26.9124,75.7873
2021-02-24,964.5252799479167,jaipur,india,26.9124,75.7873
2021-02-25,963.7167871093751,jaipur,india,26.9124,75.7873
2021-02-26,961.5127083333333,jaipur,india,26.9124,75.7873
2021-02-27,961.5639420572917,jaipur,india,26.9124,75.7873
2021-02-28,964.0981868489583,jaipur,india,26.9124,75.7873
2021-03-01,967.8609016927084,jaipur,india,26.9124,75.7873
2021-03-02,968.012412109375,jaipur,india,26.9124,75.7873
2021-03-03,965.4589322916667,jaipur,india,26.9124,75.7873
2021-03-04,964.8195279947917,jaipur,india,26.9124,75.7873
2021-03-05,965.9544401041667,jaipur,india,26.9124,75.7873
2021-03-06,963.8781803385417,jaipur,india,26.9124,75.7873
2021-03-07,962.3287044270833,jaipur,india,26.9124,75.7873
2021-03-08,963.8860351562499,jaipur,india,26.9124,75.7873
2021-03-09,964.589248046875,jaipur,india,26.9124,75.7873
2021-03-10,965.6722884114583,jaipur,india,26.9124,75.7873
2021-03-11,965.6026920572917,jaipur,india,26.9124,75.7873
2021-03-12,967.512919921875,jaipur,india,26.9124,75.7873
2021-03-13,967.7897819010417,jaipur,india,26.9124,75.7873
2021-03-14,965.679140625,jaipur,india,26.9124,75.7873
2021-03-15,965.0257421875,jaipur,india,26.9124,75.7873
2021-03-16,964.9995410156249,jaipur,india,26.9124,75.7873
2021-03-17,963.3346451822916,jaipur,india,26.9124,75.7873
2021-03-18,963.538515625,jaipur,india,26.9124,75.7873
2021-03-19,963.6383951822917,jaipur,india,26.9124,75.7873
2021-03-20,962.3635091145834,jaipur,india,26.9124,75.7873
2021-03-21,961.5395768229167,jaipur,india,26.9124,75.7873
2021-03-22,964.033916015625,jaipur,india,26.9124,75.7873
2021-03-23,965.6749544270833,jaipur,india,26.9124,75.7873
2021-03-24,967.2071223958333,jaipur,india,26.9124,75.7873
2021-03-25,967.0831477864584,jaipur,india,26.9124,75.7873
2021-03-26,965.05712890625,jaipur,india,26.9124,75.7873
2021-03-27,962.7419401041667,jaipur,india,26.9124,75.7873
2021-03-28,960.5300227864583,jaipur,india,26.9124,75.7873
2021-03-29,958.0663802083333,jaipur,india,26.9124,75.7873
2021-03-30,956.6442447916667,jaipur,india,26.9124,75.7873
2021-03-31,957.3514388020834,jaipur,india,26.9124,75.7873
2021-04-01,958.189453125,jaipur,india,26.9124,75.7873
2021-04-02,959.8408951822917,jaipur,india,26.9124,75.7873
2021-04-03,962.3361653645834,jaipur,india,26.9124,75.7873
2021-04-04,962.3634830729167,jaipur,india,26.9124,75.7873
2021-04-05,960.9502506510416,jaipur,india,26.9124,75.7873
2021-04-06,960.8684993489583,jaipur,india,26.9124,75.7873
2021-04-07,962.82623046875,jaipur,india,26.9124,75.7873
2021-04-08,962.3356575520834,jaipur,india,26.9124,75.7873
2021-04-09,963.1366178385416,jaipur,india,26.9124,75.7873
2021-04-10,964.4853580729167,jaipur,india,26.9124,75.7873
2021-04-11,964.8109863281251,jaipur,india,26.9124,75.7873
2021-04-12,964.8542838541666,jaipur,india,26.9124,75.7873
2021-04-13,963.0192089843749,jaipur,india,26.9124,75.7873
2021-04-14,961.9603743489583,jaipur,india,26.9124,75.7873
2021-04-15,961.7267708333334,jaipur,india,26.9124,75.7873
2021-04-16,960.6316276041666,jaipur,india,26.9124,75.7873
2021-04-17,964.1672265625001,jaipur,india,26.9124,75.7873
2021-04-18,963.910576171875,jaipur,india,26.9124,75.7873
2021-04-19,959.9659928385416,jaipur,india,26.9124,75.7873
2021-04-20,958.7894889322916,jaipur,india,26.9124,75.7873
2021-04-21,962.8018066406249,jaipur,india,26.9124,75.7873
2021-04-22,962.685634765625,jaipur,india,26.9124,75.7873
2021-04-23,961.13474609375,jaipur,india,26.9124,75.7873
2021-04-24,964.1793424479166,jaipur,india,26.9124,75.7873
2021-04-25,963.5549414062499,jaipur,india,26.9124,75.7873
2021-04-26,961.7103938802084,jaipur,india,26.9124,75.7873
2021-04-27,961.3068001302084,jaipur,india,26.9124,75.7873
2021-04-28,961.8685286458334,jaipur,india,26.9124,75.7873
2021-04-29,961.3273893229167,jaipur,india,26.9124,75.7873
2021-04-30,960.6030403645833,jaipur,india,26.9124,75.7873
2021-05-01,960.686337890625,jaipur,india,26.9124,75.7873
2021-05-02,961.3555859375,jaipur,india,26.9124,75.7873
2021-05-03,959.8052897135417,jaipur,india,26.9124,75.7873
2021-05-04,959.0177929687501,jaipur,india,26.9124,75.7873
2021-05-05,959.2720703125,jaipur,india,26.9124,75.7873
2021-05-06,960.169833984375,jaipur,india,26.9124,75.7873
2021-05-07,961.97845703125,jaipur,india,26.9124,75.7873
2021-05-08,960.4395865885417,jaipur,india,26.9124,75.7873
2021-05-09,958.7046028645833,jaipur,india,26.9124,75.7873
2021-05-10,957.4834993489584,jaipur,india,26.9124,75.7873
2021-05-11,957.2066959635417,jaipur,india,26.9124,75.7873
2021-05-12,955.6519010416667,jaipur,india,26.9124,75.7873
2021-05-13,957.130634765625,jaipur,india,26.9124,75.7873
2021-05-14,956.3285514322916,jaipur,india,26.9124,75.7873
2021-05-15,958.5200097656251,jaipur,india,26.9124,75.7873
2021-05-16,959.9475162760417,jaipur,india,26.9124,75.7873
2021-05-17,961.2089778645833,jaipur,india,26.9124,75.7873
2021-05-18,959.9179622395833,jaipur,india,26.9124,75.7873
2021-05-19,955.4221451822917,jaipur,india,26.9124,75.7873
2021-05-20,957.3235774739583,jaipur,india,26.9124,75.7873
2021-05-21,958.5763704427083,jaipur,india,26.9124,75.7873
2021-05-22,958.5165917968751,jaipur,india,26.9124,75.7873
2021-05-23,960.5518977864584,jaipur,india,26.9124,75.7873
2021-05-24,960.2175390624999,jaipur,india,26.9124,75.7873
2021-05-25,956.3224739583334,jaipur,india,26.9124,75.7873
2021-05-26,954.4641406249999,jaipur,india,26.9124,75.7873
2021-05-27,954.5473600260417,jaipur,india,26.9124,75.7873
2021-05-28,955.7228059895833,jaipur,india,26.9124,75.7873
2021-05-29,956.99962890625,jaipur,india,26.9124,75.7873
2021-05-30,956.1698470052083,jaipur,india,26.9124,75.7873
2021-05-31,954.3784798177084,jaipur,india,26.9124,75.7873
2021-06-01,,jaipur,india,26.9124,75.7873
2021-06-02,,jaipur,india,26.9124,75.7873
2021-06-03,,jaipur,india,26.9124,75.7873
2021-06-04,,jaipur,india,26.9124,75.7873
2021-06-05,,jaipur,india,26.9124,75.7873
2021-06-06,,jaipur,india,26.9124,75.7873
2021-06-07,,jaipur,india,26.9124,75.7873
2021-06-08,,jaipur,india,26.9124,75.7873
2021-06-09,,jaipur,india,26.9124,75.7873
2021-06-10,,jaipur,india,26.9124,75.7873
2021-06-11,,jaipur,india,26.9124,75.7873
2021-06-12,,jaipur,india,26.9124,75.7873
2021-06-13,,jaipur,india,26.9124,75.7873
2021-06-14,,jaipur,india,26.9124,75.7873
2021-06-15,,jaipur,india,26.9124,75.7873
2021-06-16,,jaipur,india,26.9124,75.7873
2021-06-17,,jaipur,india,26.9124,75.7873
2021-06-18,,jaipur,india,26.9124,75.7873
2021-06-19,,jaipur,india,26.9124,75.7873
2021-06-20,,jaipur,india,26.9124,75.7873
2021-06-21,,jaipur,india,26.9124,75.7873
2021-06-22,,jaipur,india,26.9124,75.7873
2021-06-23,,jaipur,india,26.9124,75.7873
2021-06-24,,jaipur,india,26.9124,75.7873
2021-06-25,,jaipur,india,26.9124,75.7873
2021-06-26,,jaipur,india,26.9124,75.7873
2021-06-27,,jaipur,india,26.9124,75.7873
2021-06-28,,jaipur,india,26.9124,75.7873
2021-06-29,,jaipur,india,26.9124,75.7873
2021-06-30,,jaipur,india,26.9124,75.7873
2021-07-01,,jaipur,india,26.9124,75.7873
2021-07-02,,jaipur,india,26.9124,75.7873
2021-07-03,,jaipur,india,26.9124,75.7873
2021-07-04,,jaipur,india,26.9124,75.7873
2021-07-05,,jaipur,india,26.9124,75.7873
2021-07-06,,jaipur,india,26.9124,75.7873
2021-07-07,,jaipur,india,26.9124,75.7873
2021-07-08,,jaipur,india,26.9124,75.7873
2021-07-09,,jaipur,india,26.9124,75.7873
2021-07-10,,jaipur,india,26.9124,75.7873
2021-07-11,,jaipur,india,26.9124,75.7873
2021-07-12,,jaipur,india,26.9124,75.7873
2021-07-13,,jaipur,india,26.9124,75.7873
2021-07-14,,jaipur,india,26.9124,75.7873
2021-07-15,,jaipur,india,26.9124,75.7873
2021-07-16,,jaipur,india,26.9124,75.7873
2021-07-17,,jaipur,india,26.9124,75.7873
2021-07-18,,jaipur,india,26.9124,75.7873
2021-07-19,,jaipur,india,26.9124,75.7873
2021-07-20,,jaipur,india,26.9124,75.7873
2021-07-21,,jaipur,india,26.9124,75.7873
2021-07-22,,jaipur,india,26.9124,75.7873
2021-07-23,,jaipur,india,26.9124,75.7873
2021-07-24,,jaipur,india,26.9124,75.7873
2021-07-25,,jaipur,india,26.9124,75.7873
2021-07-26,,jaipur,india,26.9124,75.7873
2021-07-27,,jaipur,india,26.9124,75.7873
2021-07-28,,jaipur,india,26.9124,75.7873
2021-07-29,,jaipur,india,26.9124,75.7873
2021-07-30,,jaipur,india,26.9124,75.7873
2021-07-31,,jaipur,india,26.9124,75.7873
2021-08-01,,jaipur,india,26.9124,75.7873
2021-08-02,,jaipur,india,26.9124,75.7873
2021-08-03,,jaipur,india,26.9124,75.7873
2021-08-04,,jaipur,india,26.9124,75.7873
2021-08-05,,jaipur,india,26.9124,75.7873
2021-08-06,,jaipur,india,26.9124,75.7873
2021-08-07,,jaipur,india,26.9124,75.7873
2021-08-08,,jaipur,india,26.9124,75.7873
2021-08-09,,jaipur,india,26.9124,75.7873
2021-08-10,,jaipur,india,26.9124,75.7873
2021-08-11,,jaipur,india,26.9124,75.7873
2021-08-12,,jaipur,india,26.9124,75.7873
2021-08-13,,jaipur,india,26.9124,75.7873
2021-08-14,,jaipur,india,26.9124,75.7873
2021-08-15,,jaipur,india,26.9124,75.7873
2021-08-16,,jaipur,india,26.9124,75.7873
2021-08-17,,jaipur,india,26.9124,75.7873
2021-08-18,,jaipur,india,26.9124,75.7873
2021-08-19,,jaipur,india,26.9124,75.7873
2021-08-20,,jaipur,india,26.9124,75.7873
2021-08-21,,jaipur,india,26.9124,75.7873
2021-08-22,,jaipur,india,26.9124,75.7873
2021-08-23,,jaipur,india,26.9124,75.7873
2021-08-24,,jaipur,india,26.9124,75.7873
2021-08-25,,jaipur,india,26.9124,75.7873
2021-08-26,,jaipur,india,26.9124,75.7873
2021-08-27,,jaipur,india,26.9124,75.7873
2021-08-28,,jaipur,india,26.9124,75.7873
2021-08-29,,jaipur,india,26.9124,75.7873
2021-08-30,,jaipur,india,26.9124,75.7873
2021-08-31,,jaipur,india,26.9124,75.7873
2021-09-01,,jaipur,india,26.9124,75.7873
2021-09-02,,jaipur,india,26.9124,75.7873
2021-09-03,,jaipur,india,26.9124,75.7873
2021-09-04,,jaipur,india,26.9124,75.7873
2021-09-05,,jaipur,india,26.9124,75.7873
2021-09-06,,jaipur,india,26.9124,75.7873
2021-09-07,,jaipur,india,26.9124,75.7873
2021-09-08,,jaipur,india,26.9124,75.7873
2021-09-09,,jaipur,india,26.9124,75.7873
2021-09-10,,jaipur,india,26.9124,75.7873
2021-09-11,,jaipur,india,26.9124,75.7873
2021-09-12,,jaipur,india,26.9124,75.7873
2021-09-13,,jaipur,india,26.9124,75.7873
2021-09-14,,jaipur,india,26.9124,75.7873
2021-09-15,,jaipur,india,26.9124,75.7873
2021-09-16,,jaipur,india,26.9124,75.7873
2021-09-17,,jaipur,india,26.9124,75.7873
2021-09-18,,jaipur,india,26.9124,75.7873
2021-09-19,,jaipur,india,26.9124,75.7873
2021-09-20,,jaipur,india,26.9124,75.7873
2021-09-21,,jaipur,india,26.9124,75.7873
2021-09-22,,jaipur,india,26.9124,75.7873
2021-09-23,,jaipur,india,26.9124,75.7873
2021-09-24,,jaipur,india,26.9124,75.7873
2021-09-25,,jaipur,india,26.9124,75.7873
2021-09-26,,jaipur,india,26.9124,75.7873
2021-09-27,,jaipur,india,26.9124,75.7873
2021-09-28,,jaipur,india,26.9124,75.7873
2021-09-29,,jaipur,india,26.9124,75.7873
2021-09-30,,jaipur,india,26.9124,75.7873
2021-10-01,962.0895768229167,jaipur,india,26.9124,75.7873
2021-10-02,961.3969596354167,jaipur,india,26.9124,75.7873
2021-10-03,960.1032454427083,jaipur,india,26.9124,75.7873
2021-10-04,960.0197981770833,jaipur,india,26.9124,75.7873
2021-10-05,962.1923502604167,jaipur,india,26.9124,75.7873
2021-10-06,961.516982421875,jaipur,india,26.9124,75.7873
2021-10-07,960.4438346354167,jaipur,india,26.9124,75.7873
2021-10-08,959.9253841145834,jaipur,india,26.9124,75.7873
2021-10-09,960.4201399739583,jaipur,india,26.9124,75.7873
2021-10-10,960.5714290364584,jaipur,india,26.9124,75.7873
2021-10-11,960.2067350260417,jaipur,india,26.9124,75.7873
2021-10-12,960.72296875,jaipur,india,26.9124,75.7873
2021-10-13,961.5849251302084,jaipur,india,26.9124,75.7873
2021-10-14,961.291748046875,jaipur,india,26.9124,75.7873
2021-10-15,959.2952734375,jaipur,india,26.9124,75.7873
2021-10-16,959.4753548177083,jaipur,india,26.9124,75.7873
2021-10-17,959.991591796875,jaipur,india,26.9124,75.7873
2021-10-18,959.571962890625,jaipur,india,26.9124,75.7873
2021-10-19,963.088955078125,jaipur,india,26.9124,75.7873
2021-10-20,965.3308886718751,jaipur,india,26.9124,75.7873
2021-10-21,965.03078125,jaipur,india,26.9124,75.7873
2021-10-22,965.0598893229167,jaipur,india,26.9124,75.7873
2021-10-23,965.5670638020833,jaipur,india,26.9124,75.7873
2021-10-24,966.8794986979166,jaipur,india,26.9124,75.7873
2021-10-25,966.9375325520833,jaipur,india,26.9124,75.7873
2021-10-26,967.121826171875,jaipur,india,26.9124,75.7873
2021-10-27,968.5996256510416,jaipur,india,26.9124,75.7873
2021-10-28,968.9367317708334,jaipur,india,26.9124,75.7873
2021-10-29,970.5889518229166,jaipur,india,26.9124,75.7873
2021-10-30,969.5322981770834,jaipur,india,26.9124,75.7873
2021-10-31,967.057021484375,jaipur,india,26.9124,75.7873
2021-11-01,966.2174739583334,jaipur,india,26.9124,75.7873
2021-11-02,967.5752278645833,jaipur,india,26.9124,75.7873
2021-11-03,967.6246256510417,jaipur,india,26.9124,75.7873
2021-11-04,967.1587467447916,jaipur,india,26.9124,75.7873
2021-11-05,966.743544921875,jaipur,india,26.9124,75.7873
2021-11-06,965.5171191406249,jaipur,india,26.9124,75.7873
2021-11-07,965.9789615885417,jaipur,india,26.9124,75.7873
2021-11-08,967.3361848958333,jaipur,india,26.9124,75.7873
2021-11-09,967.84859375,jaipur,india,26.9124,75.7873
2021-11-10,966.8731868489584,jaipur,india,26.9124,75.7873
2021-11-11,966.3711490885416,jaipur,india,26.9124,75.7873
2021-11-12,967.2268391927083,jaipur,india,26.9124,75.7873
2021-11-13,966.7196223958334,jaipur,india,26.9124,75.7873
2021-11-14,965.7910774739584,jaipur,india,26.9124,75.7873
2021-11-15,965.002705078125,jaipur,india,26.9124,75.7873
2021-11-16,966.5953776041666,jaipur,india,26.9124,75.7873
2021-11-17,968.1141927083332,jaipur,india,26.9124,75.7873
2021-11-18,966.1498535156251,jaipur,india,26.9124,75.7873
2021-11-19,964.26671875,jaipur,india,26.9124,75.7873
2021-11-20,965.5783398437501,jaipur,india,26.9124,75.7873
2021-11-21,966.9196744791667,jaipur,india,26.9124,75.7873
2021-11-22,966.3638736979166,jaipur,india,26.9124,75.7873
2021-11-23,965.4082063802084,jaipur,india,26.9124,75.7873
2021-11-24,966.3952604166666,jaipur,india,26.9124,75.7873
2021-11-25,967.0778971354166,jaipur,india,26.9124,75.7873
2021-11-26,967.0223307291667,jaipur,india,26.9124,75.7873
2021-11-27,967.9501985677083,jaipur,india,26.9124,75.7873
2021-11-28,969.5131054687499,jaipur,india,26.9124,75.7873
2021-11-29,970.2971744791666,jaipur,india,26.9124,75.7873
2021-11-30,969.9308463541666,jaipur,india,26.9124,75.7873
2021-12-01,969.980888671875,jaipur,india,26.9124,75.7873
2021-12-02,969.9744661458334,jaipur,india,26.9124,75.7873
2021-12-03,970.2571419270834,jaipur,india,26.9124,75.7873
2021-12-04,968.669794921875,jaipur,india,26.9124,75.7873
2021-12-05,968.5109733072917,jaipur,india,26.9124,75.7873
2021-12-06,969.5015234375,jaipur,india,26.9124,75.7873
2021-12-07,970.420615234375,jaipur,india,26.9124,75.7873
2021-12-08,970.7057617187501,jaipur,india,26.9124,75.7873
2021-12-09,972.6198828124999,jaipur,india,26.9124,75.7873
2021-12-10,972.1433821614584,jaipur,india,26.9124,75.7873
2021-12-11,971.3887630208333,jaipur,india,26.9124,75.7873
2021-12-12,970.860712890625,jaipur,india,26.9124,75.7873
2021-12-13,969.2365201822917,jaipur,india,26.9124,75.7873
2021-12-14,968.7660970052084,jaipur,india,26.9124,75.7873
2021-12-15,969.3263444010416,jaipur,india,26.9124,75.7873
2021-12-16,970.8066503906249,jaipur,india,26.9124,75.7873
2021-12-17,973.1136848958334,jaipur,india,26.9124,75.7873
2021-12-18,973.0667545572916,jaipur,india,26.9124,75.7873
2021-12-19,972.2803125,jaipur,india,26.9124,75.7873
2021-12-20,970.5146158854167,jaipur,india,26.9124,75.7873
2021-12-21,969.0083268229167,jaipur,india,26.9124,75.7873
2021-12-22,966.6034602864584,jaipur,india,26.9124,75.7873
2021-12-23,965.7885709635416,jaipur,india,26.9124,75.7873
2021-12-24,966.3184733072917,jaipur,india,26.9124,75.7873
2021-12-25,968.1289453125,jaipur,india,26.9124,75.7873
2021-12-26,969.8104036458334,jaipur,india,26.9124,75.7873
2021-12-27,970.5368619791667,jaipur,india,26.9124,75.7873
2021-12-28,970.283896484375,jaipur,india,26.9124,75.7873
2021-12-29,972.1992805989584,jaipur,india,26.9124,75.7873
2021-12-30,975.2263281249999,jaipur,india,26.9124,75.7873
2021-12-31,974.8423307291667,jaipur,india,26.9124,75.7873
2022-01-01,973.209814453125,jaipur,india,26.9124,75.7873
2022-01-02,971.8986979166666,jaipur,india,26.9124,75.7873
2022-01-03,970.3273567708334,jaipur,india,26.9124,75.7873
2022-01-04,969.125341796875,jaipur,india,26.9124,75.7873
2022-01-05,967.7450390625,jaipur,india,26.9124,75.7873
2022-01-06,967.7809016927084,jaipur,india,26.9124,75.7873
2022-01-07,967.096591796875,jaipur,india,26.9124,75.7873
2022-01-08,967.3077799479166,jaipur,india,26.9124,75.7873
2022-01-09,968.1502669270834,jaipur,india,26.9124,75.7873
2022-01-10,970.499326171875,jaipur,india,26.9124,75.7873
2022-01-11,969.8490104166667,jaipur,india,26.9124,75.7873
2022-01-12,969.712041015625,jaipur,india,26.9124,75.7873
2022-01-13,969.43935546875,jaipur,india,26.9124,75.7873
2022-01-14,970.4254427083333,jaipur,india,26.9124,75.7873
2022-01-15,971.8206119791666,jaipur,india,26.9124,75.7873
2022-01-16,972.470908203125,jaipur,india,26.9124,75.7873
2022-01-17,972.6712467447916,jaipur,india,26.9124,75.7873
2022-01-18,970.7063802083334,jaipur,india,26.9124,75.7873
2022-01-19,966.8690657552083,jaipur,india,26.9124,75.7873
2022-01-20,963.3394270833334,jaipur,india,26.9124,75.7873
2022-01-21,962.76166015625,jaipur,india,26.9124,75.7873
2022-01-22,958.5197721354167,jaipur,india,26.9124,75.7873
2022-01-23,963.629208984375,jaipur,india,26.9124,75.7873
2022-01-24,966.9231770833334,jaipur,india,26.9124,75.7873
2022-01-25,967.341240234375,jaipur,india,26.9124,75.7873
2022-01-26,968.8433333333334,jaipur,india,26.9124,75.7873
2022-01-27,969.9968880208334,jaipur,india,26.9124,75.7873
2022-01-28,970.0855208333334,jaipur,india,26.9124,75.7873
2022-01-29,969.2983138020833,jaipur,india,26.9124,75.7873
2022-01-30,965.3132812499999,jaipur,india,26.9124,75.7873
2022-01-31,964.5767154947916,jaipur,india,26.9124,75.7873
2022-02-01,964.2322916666667,jaipur,india,26.9124,75.7873
2022-02-02,962.3835514322917,jaipur,india,26.9124,75.7873
2022-02-03,959.7367740885417,jaipur,india,26.9124,75.7873
2022-02-04,963.0026888020834,jaipur,india,26.9124,75.7873
2022-02-05,966.8486360677083,jaipur,india,26.9124,75.7873
2022-02-06,968.1255045572916,jaipur,india,26.9124,75.7873
2022-02-07,966.8347981770834,jaipur,india,26.9124,75.7873
2022-02-08,965.3165494791666,jaipur,india,26.9124,75.7873
2022-02-09,967.9898079427084,jaipur,india,26.9124,75.7873
2022-02-10,970.4453678385416,jaipur,india,26.9124,75.7873
2022-02-11,969.2666634114584,jaipur,india,26.9124,75.7873
2022-02-12,967.3449251302083,jaipur,india,26.9124,75.7873
2022-02-13,965.8475553385416,jaipur,india,26.9124,75.7873
2022-02-14,965.6195996093751,jaipur,india,26.9124,75.7873
2022-02-15,965.5571842447916,jaipur,india,26.9124,75.7873
2022-02-16,963.7853743489583,jaipur,india,26.9124,75.7873
2022-02-17,963.7446777343749,jaipur,india,26.9124,75.7873
2022-02-18,965.3814257812501,jaipur,india,26.9124,75.7873
2022-02-19,966.5951367187499,jaipur,india,26.9124,75.7873
2022-02-20,962.3366471354167,jaipur,india,26.9124,75.7873
2022-02-21,961.73248046875,jaipur,india,26.9124,75.7873
2022-02-22,962.4849739583333,jaipur,india,26.9124,75.7873
2022-02-23,966.5986425781249,jaipur,india,26.9124,75.7873
2022-02-24,968.2832845052084,jaipur,india,26.9124,75.7873
2022-02-25,966.8825195312501,jaipur,india,26.9124,75.7873
2022-02-26,967.6679524739584,jaipur,india,26.9124,75.7873
2022-02-27,970.247861328125,jaipur,india,26.9124,75.7873
2022-02-28,969.5315787760416,jaipur,india,26.9124,75.7873
2022-03-01,969.3590104166666,jaipur,india,26.9124,75.7873
2022-03-02,968.3228255208334,jaipur,india,26.9124,75.7873
2022-03-03,968.1711328125001,jaipur,india,26.9124,75.7873
2022-03-04,969.5249934895833,jaipur,india,26.9124,75.7873
2022-03-05,967.7658040364582,jaipur,india,26.9124,75.7873
2022-03-06,966.1559993489583,jaipur,india,26.9124,75.7873
2022-03-07,966.8864648437501,jaipur,india,26.9124,75.7873
2022-03-08,966.7245638020833,jaipur,india,26.9124,75.7873
2022-03-09,965.7385970052084,jaipur,india,26.9124,75.7873
2022-03-10,966.3140625,jaipur,india,26.9124,75.7873
2022-03-11,966.4730533854167,jaipur,india,26.9124,75.7873
2022-03-12,965.2824576822917,jaipur,india,26.9124,75.7873
2022-03-13,964.8229296875,jaipur,india,26.9124,75.7873
2022-03-14,963.9067415364584,jaipur,india,26.9124,75.7873
2022-03-15,961.8196093749999,jaipur,india,26.9124,75.7873
2022-03-16,960.6483919270833,jaipur,india,26.9124,75.7873
2022-03-17,960.9001562499999,jaipur,india,26.9124,75.7873
2022-03-18,960.3229752604167,jaipur,india,26.9124,75.7873
2022-03-19,958.9066666666666,jaipur,india,26.9124,75.7873
2022-03-20,958.9366764322917,jaipur,india,26.9124,75.7873
2022-03-21,960.9643815104167,jaipur,india,26.9124,75.7873
2022-03-22,962.1471712239583,jaipur,india,26.9124,75.7873
2022-03-23,960.8940332031251,jaipur,india,26.9124,75.7873
2022-03-24,959.8279296874999,jaipur,india,26.9124,75.7873
2022-03-25,961.5988248697917,jaipur,india,26.9124,75.7873
2022-03-26,963.5034928385417,jaipur,india,26.9124,75.7873
2022-03-27,962.7086686197918,jaipur,india,26.9124,75.7873
2022-03-28,961.27634765625,jaipur,india,26.9124,75.7873
2022-03-29,959.828916015625,jaipur,india,26.9124,75.7873
2022-03-30,959.6741080729166,jaipur,india,26.9124,75.7873
2022-03-31,960.82091796875,jaipur,india,26.9124,75.7873
2022-04-01,961.6842578125,jaipur,india,26.9124,75.7873
2022-04-02,962.0316569010416,jaipur,india,26.9124,75.7873
2022-04-03,961.5513053385416,jaipur,india,26.9124,75.7873
2022-04-04,962.5494010416666,jaipur,india,26.9124,75.7873
2022-04-05,963.9208072916666,jaipur,india,26.9124,75.7873
2022-04-06,963.9467578125,jaipur,india,26.9124,75.7873
2022-04-07,962.8708268229167,jaipur,india,26.9124,75.7873
2022-04-08,960.1752278645832,jaipur,india,26.9124,75.7873
2022-04-09,959.4144303385416,jaipur,india,26.9124,75.7873
2022-04-10,959.0975520833334,jaipur,india,26.9124,75.7873
2022-04-11,958.2152506510416,jaipur,india,26.9124,75.7873
2022-04-12,958.1751920572916,jaipur,india,26.9124,75.7873
2022-04-13,957.7176888020832,jaipur,india,26.9124,75.7873
2022-04-14,957.214423828125,jaipur,india,26.9124,75.7873
2022-04-15,956.5024902343749,jaipur,india,26.9124,75.7873
2022-04-16,956.3704394531251,jaipur,india,26.9124,75.7873
2022-04-17,957.476904296875,jaipur,india,26.9124,75.7873
2022-04-18,960.2735514322917,jaipur,india,26.9124,75.7873
2022-04-19,961.7348339843751,jaipur,india,26.9124,75.7873
2022-04-20,960.1487239583333,jaipur,india,26.9124,75.7873
2022-04-21,960.6387467447917,jaipur,india,26.9124,75.7873
2022-04-22,960.9036686197916,jaipur,india,26.9124,75.7873
2022-04-23,961.2444791666667,jaipur,india,26.9124,75.7873
2022-04-24,959.5854524739583,jaipur,india,26.9124,75.7873
2022-04-25,958.7798404947916,jaipur,india,26.9124,75.7873
2022-04-26,959.1818619791667,jaipur,india,26.9124,75.7873
2022-04-27,958.6896484375001,jaipur,india,26.9124,75.7873
2022-04-28,959.3970442708334,jaipur,india,26.9124,75.7873
2022-04-29,958.5027213541666,jaipur,india,26.9124,75.7873
2022-04-30,955.6774088541666,jaipur,india,26.9124,75.7873
2022-05-01,954.2442252604166,jaipur,india,26.9124,75.7873
2022-05-02,955.0493457031249,jaipur,india,26.9124,75.7873
2022-05-03,958.2018945312501,jaipur,india,26.9124,75.7873
2022-05-04,959.7393066406249,jaipur,india,26.9124,75.7873
2022-05-05,959.3083398437501,jaipur,india,26.9124,75.7873
2022-05-06,959.23044921875,jaipur,india,26.9124,75.7873
2022-05-07,958.516982421875,jaipur,india,26.9124,75.7873
2022-05-08,956.737216796875,jaipur,india,26.9124,75.7873
2022-05-09,956.2551432291666,jaipur,india,26.9124,75.7873
2022-05-10,956.17251953125,jaipur,india,26.9124,75.7873
2022-05-11,954.874736328125,jaipur,india,26.9124,75.7873
2022-05-12,953.6568489583333,jaipur,india,26.9124,75.7873
2022-05-13,951.9098828125001,jaipur,india,26.9124,75.7873
2022-05-14,953.2879817708334,jaipur,india,26.9124,75.7873
2022-05-15,954.6737630208332,jaipur,india,26.9124,75.7873
2022-05-16,954.809716796875,jaipur,india,26.9124,75.7873
2022-05-17,954.6894661458333,jaipur,india,26.9124,75.7873
2022-05-18,955.7422135416667,jaipur,india,26.9124,75.7873
2022-05-19,954.9793782552083,jaipur,india,26.9124,75.7873
2022-05-20,953.392421875,jaipur,india,26.9124,75.7873
2022-05-21,950.9181184895833,jaipur,india,26.9124,75.7873
2022-05-22,950.14421875,jaipur,india,26.9124,75.7873
2022-05-23,951.7881901041666,jaipur,india,26.9124,75.7873
2022-05-24,958.000205078125,jaipur,india,26.9124,75.7873
2022-05-25,958.6430957031249,jaipur,india,26.9124,75.7873
2022-05-26,955.958837890625,jaipur,india,26.9124,75.7873
2022-05-27,954.4026529947918,jaipur,india,26.9124,75.7873
2022-05-28,953.505234375,jaipur,india,26.9124,75.7873
2022-05-29,954.0125944010416,jaipur,india,26.9124,75.7873
2022-05-30,954.2817643229167,jaipur,india,26.9124,75.7873
2022-05-31,954.7289713541667,jaipur,india,26.9124,75.7873
2022-06-01,955.2452962239582,jaipur,india,26.9124,75.7873
2022-06-02,954.5472591145834,jaipur,india,26.9124,75.7873
2022-06-03,953.9931022135416,jaipur,india,26.9124,75.7873
2022-06-04,954.7293294270834,jaipur,india,26.9124,75.7873
2022-06-05,955.3325097656251,jaipur,india,26.9124,75.7873
2022-06-06,954.202021484375,jaipur,india,26.9124,75.7873
2022-06-07,954.6043782552083,jaipur,india,26.9124,75.7873
2022-06-08,954.0119335937501,jaipur,india,26.9124,75.7873
2022-06-09,953.1096875,jaipur,india,26.9124,75.7873
2022-06-10,953.9763476562499,jaipur,india,26.9124,75.7873
2022-06-11,954.5733170572917,jaipur,india,26.9124,75.7873
2022-06-12,955.6173177083333,jaipur,india,26.9124,75.7873
2022-06-13,957.3711100260416,jaipur,india,26.9124,75.7873
2022-06-14,956.8798763020833,jaipur,india,26.9124,75.7873
2022-06-15,954.842431640625,jaipur,india,26.9124,75.7873
2022-06-16,954.7059602864583,jaipur,india,26.9124,75.7873
2022-06-17,954.5101888020832,jaipur,india,26.9124,75.7873
2022-06-18,955.1509016927083,jaipur,india,26.9124,75.7873
2022-06-19,954.9987825520833,jaipur,india,26.9124,75.7873
2022-06-20,953.4175716145833,jaipur,india,26.9124,75.7873
2022-06-21,953.2529427083333,jaipur,india,26.9124,75.7873
2022-06-22,958.1062630208334,jaipur,india,26.9124,75.7873
2022-06-23,958.6494140625,jaipur,india,26.9124,75.7873
2022-06-24,955.524130859375,jaipur,india,26.9124,75.7873
2022-06-25,952.4118912760417,jaipur,india,26.9124,75.7873
2022-06-26,953.5056184895833,jaipur,india,26.9124,75.7873
2022-06-27,954.0724609375001,jaipur,india,26.9124,75.7873
2022-06-28,952.1082421875,jaipur,india,26.9124,75.7873
2022-06-29,951.0996907552084,jaipur,india,26.9124,75.7873
2022-06-30,953.1535904947917,jaipur,india,26.9124,75.7873
2022-07-01,953.652646484375,jaipur,india,26.9124,75.7873
2022-07-02,951.4943522135417,jaipur,india,26.9124,75.7873
2022-07-03,952.9036295572918,jaipur,india,26.9124,75.7873
2022-07-04,952.45560546875,jaipur,india,26.9124,75.7873
2022-07-05,952.3084114583334,jaipur,india,26.9124,75.7873
2022-07-06,955.28232421875,jaipur,india,26.9124,75.7873
2022-07-07,955.7388899739584,jaipur,india,26.9124,75.7873
2022-07-08,953.4713671875,jaipur,india,26.9124,75.7873
2022-07-09,952.3655240885417,jaipur,india,26.9124,75.7873
2022-07-10,954.1116048177083,jaipur,india,26.9124,75.7873
2022-07-11,954.6574544270834,jaipur,india,26.9124,75.7873
2022-07-12,953.589970703125,jaipur,india,26.9124,75.7873
2022-07-13,951.5572981770833,jaipur,india,26.9124,75.7873
2022-07-14,951.2689322916667,jaipur,india,26.9124,75.7873
2022-07-15,952.8983040364583,jaipur,india,26.9124,75.7873
2022-07-16,954.3940494791667,jaipur,india,26.9124,75.7873
2022-07-17,956.2487825520834,jaipur,india,26.9124,75.7873
2022-07-18,954.4087955729166,jaipur,india,26.9124,75.7873
2022-07-19,953.5254427083333,jaipur,india,26.9124,75.7873
2022-07-20,954.5638346354167,jaipur,india,26.9124,75.7873
2022-07-21,956.3595149739584,jaipur,india,26.9124,75.7873
2022-07-22,956.4328287760417,jaipur,india,26.9124,75.7873
2022-07-23,954.296025390625,jaipur,india,26.9124,75.7873
2022-07-24,954.5242708333334,jaipur,india,26.9124,75.7873
2022-07-25,956.9948177083334,jaipur,india,26.9124,75.7873
2022-07-26,956.8781835937499,jaipur,india,26.9124,75.7873
2022-07-27,957.7617057291667,jaipur,india,26.9124,75.7873
2022-07-28,960.0706087239583,jaipur,india,26.9124,75.7873
2022-07-29,959.4266536458334,jaipur,india,26.9124,75.7873
2022-07-30,957.3677213541667,jaipur,india,26.9124,75.7873
2022-07-31,955.498291015625,jaipur,india,26.9124,75.7873
2022-08-01,955.3871907552084,jaipur,india,26.9124,75.7873
2022-08-02,955.3192903645833,jaipur,india,26.9124,75.7873
2022-08-03,956.4205859375,jaipur,india,26.9124,75.7873
2022-08-04,956.1354492187501,jaipur,india,26.9124,75.7873
2022-08-05,954.4055729166666,jaipur,india,26.9124,75.7873
2022-08-06,952.9504296875001,jaipur,india,26.9124,75.7873
2022-08-07,953.4848209635417,jaipur,india,26.9124,75.7873
2022-08-08,952.926572265625,jaipur,india,26.9124,75.7873
2022-08-09,952.3531380208333,jaipur,india,26.9124,75.7873
2022-08-10,951.1566178385416,jaipur,india,26.9124,75.7873
2022-08-11,952.2523665364583,jaipur,india,26.9124,75.7873
2022-08-12,952.6722851562499,jaipur,india,26.9124,75.7873
2022-08-13,953.2476171875,jaipur,india,26.9124,75.7873
2022-08-14,956.5410872395834,jaipur,india,26.9124,75.7873
2022-08-15,956.0248014322916,jaipur,india,26.9124,75.7873
2022-08-16,952.0924511718749,jaipur,india,26.9124,75.7873
2022-08-17,955.4416829427083,jaipur,india,26.9124,75.7873
2022-08-18,956.4047070312499,jaipur,india,26.9124,75.7873
2022-08-19,956.972744140625,jaipur,india,26.9124,75.7873
2022-08-20,957.5830989583333,jaipur,india,26.9124,75.7873
2022-08-21,955.7081282552084,jaipur,india,26.9124,75.7873
2022-08-22,953.06158203125,jaipur,india,26.9124,75.7873
2022-08-23,953.1709830729166,jaipur,india,26.9124,75.7873
2022-08-24,958.5949414062501,jaipur,india,26.9124,75.7873
2022-08-25,958.900283203125,jaipur,india,26.9124,75.7873
2022-08-26,958.8905859375,jaipur,india,26.9124,75.7873
2022-08-27,958.5073730468749,jaipur,india,26.9124,75.7873
2022-08-28,959.3354361979167,jaipur,india,26.9124,75.7873
2022-08-29,961.9905598958334,jaipur,india,26.9124,75.7873
2022-08-30,961.8337369791666,jaipur,india,26.9124,75.7873
2022-08-31,959.7363509114583,jaipur,india,26.9124,75.7873
2022-09-01,960.1247330729167,jaipur,india,26.9124,75.7873
2022-09-02,961.2158300781249,jaipur,india,26.9124,75.7873
2022-09-03,958.648212890625,jaipur,india,26.9124,75.7873
2022-09-04,958.0790787760417,jaipur,india,26.9124,75.7873
2022-09-05,959.1289290364583,jaipur,india,26.9124,75.7873
2022-09-06,960.4929069010417,jaipur,india,26.9124,75.7873
2022-09-07,961.5575032552083,jaipur,india,26.9124,75.7873
2022-09-08,961.642421875,jaipur,india,26.9124,75.7873
2022-09-09,960.764296875,jaipur,india,26.9124,75.7873
2022-09-10,959.3017480468751,jaipur,india,26.9124,75.7873
2022-09-11,957.0921028645834,jaipur,india,26.9124,75.7873
2022-09-12,955.8695182291667,jaipur,india,26.9124,75.7873
2022-09-13,956.2452278645833,jaipur,india,26.9124,75.7873
2022-09-14,956.5630729166666,jaipur,india,26.9124,75.7873
2022-09-15,955.2953873697917,jaipur,india,26.9124,75.7873
2022-09-16,953.9854752604166,jaipur,india,26.9124,75.7873
2022-09-17,957.7532975260416,jaipur,india,26.9124,75.7873
2022-09-18,959.660263671875,jaipur,india,26.9124,75.7873
2022-09-19,959.7339778645834,jaipur,india,26.9124,75.7873
2022-09-20,959.0764225260417,jaipur,india,26.9124,75.7873
2022-09-21,958.7605338541666,jaipur,india,26.9124,75.7873
2022-09-22,957.2598274739584,jaipur,india,26.9124,75.7873
2022-09-23,956.1096093750001,jaipur,india,26.9124,75.7873
2022-09-24,956.0016927083334,jaipur,india,26.9124,75.7873
2022-09-25,960.278193359375,jaipur,india,26.9124,75.7873
2022-09-26,962.3358138020834,jaipur,india,26.9124,75.7873
2022-09-27,960.8723274739583,jaipur,india,26.9124,75.7873
2022-09-28,960.0169270833334,jaipur,india,26.9124,75.7873
2022-09-29,960.1958463541667,jaipur,india,26.9124,75.7873
2022-09-30,960.3073307291667,jaipur,india,26.9124,75.7873
2022-10-01,959.7361393229166,jaipur,india,26.9124,75.7873
2022-10-02,960.4306673177083,jaipur,india,26.9124,75.7873
2022-10-03,961.6533300781249,jaipur,india,26.9124,75.7873
2022-10-04,962.2140397135418,jaipur,india,26.9124,75.7873
2022-10-05,961.3254850260417,jaipur,india,26.9124,75.7873
2022-10-06,961.9512923177084,jaipur,india,26.9124,75.7873
2022-10-07,961.9295442708334,jaipur,india,26.9124,75.7873
2022-10-08,960.6020572916667,jaipur,india,26.9124,75.7873
2022-10-09,962.7635481770834,jaipur,india,26.9124,75.7873
2022-10-10,963.5389778645834,jaipur,india,26.9124,75.7873
2022-10-11,962.7462662760416,jaipur,india,26.9124,75.7873
2022-10-12,964.6982845052083,jaipur,india,26.9124,75.7873
2022-10-13,965.8486979166668,jaipur,india,26.9124,75.7873
2022-10-14,965.3672721354166,jaipur,india,26.9124,75.7873
2022-10-15,964.8441959635417,jaipur,india,26.9124,75.7873
2022-10-16,967.2819596354167,jaipur,india,26.9124,75.7873
2022-10-17,966.6155273437499,jaipur,india,26.9124,75.7873
2022-10-18,965.1250553385416,jaipur,india,26.9124,75.7873
2022-10-19,965.0963867187501,jaipur,india,26.9124,75.7873
2022-10-20,967.2578580729167,jaipur,india,26.9124,75.7873
2022-10-21,969.2480566406249,jaipur,india,26.9124,75.7873
2022-10-22,969.6117513020832,jaipur,india,26.9124,75.7873
2022-10-23,967.8422363281251,jaipur,india,26.9124,75.7873
2022-10-24,963.984248046875,jaipur,india,26.9124,75.7873
2022-10-25,963.9402799479167,jaipur,india,26.9124,75.7873
2022-10-26,966.5076139322917,jaipur,india,26.9124,75.7873
2022-10-27,966.3218033854167,jaipur,india,26.9124,75.7873
2022-10-28,966.0639290364584,jaipur,india,26.9124,75.7873
2022-10-29,967.3275390625,jaipur,india,26.9124,75.7873
2022-10-30,967.5926985677083,jaipur,india,26.9124,75.7873
2022-10-31,967.376220703125,jaipur,india,26.9124,75.7873
2022-11-01,967.4417447916667,jaipur,india,26.9124,75.7873
2022-11-02,965.8909407552084,jaipur,india,26.9124,75.7873
2022-11-03,965.6487532552084,jaipur,india,26.9124,75.7873
2022-11-04,966.686884765625,jaipur,india,26.9124,75.7873
2022-11-05,968.0177994791667,jaipur,india,26.9124,75.7873
2022-11-06,968.0976920572916,jaipur,india,26.9124,75.7873
2022-11-07,967.6300423177084,jaipur,india,26.9124,75.7873
2022-11-08,968.3031282552083,jaipur,india,26.9124,75.7873
2022-11-09,968.53236328125,jaipur,india,26.9124,75.7873
2022-11-10,969.4272786458333,jaipur,india,26.9124,75.7873
2022-11-11,970.2729785156249,jaipur,india,26.9124,75.7873
2022-11-12,969.5833072916666,jaipur,india,26.9124,75.7873
2022-11-13,967.9996549479166,jaipur,india,26.9124,75.7873
2022-11-14,968.1108333333333,jaipur,india,26.9124,75.7873
2022-11-15,967.8035904947916,jaipur,india,26.9124,75.7873
2022-11-16,968.0836686197916,jaipur,india,26.9124,75.7873
2022-11-17,968.2385026041667,jaipur,india,26.9124,75.7873
2022-11-18,969.0342805989584,jaipur,india,26.9124,75.7873
2022-11-19,968.73357421875,jaipur,india,26.9124,75.7873
2022-11-20,967.8687858072917,jaipur,india,26.9124,75.7873
2022-11-21,967.1461165364584,jaipur,india,26.9124,75.7873
2022-11-22,967.6802083333333,jaipur,india,26.9124,75.7873
2022-11-23,968.0781315104167,jaipur,india,26.9124,75.7873
2022-11-24,968.0361555989583,jaipur,india,26.9124,75.7873
2022-11-25,969.0813313802083,jaipur,india,26.9124,75.7873
2022-11-26,966.1989095052082,jaipur,india,26.9124,75.7873
2022-11-27,964.2946549479167,jaipur,india,26.9124,75.7873
2022-11-28,966.2253645833333,jaipur,india,26.9124,75.7873
2022-11-29,968.132705078125,jaipur,india,26.9124,75.7873
2022-11-30,969.132548828125,jaipur,india,26.9124,75.7873
2022-12-01,967.7918098958334,jaipur,india,26.9124,75.7873
2022-12-02,966.9447493489583,jaipur,india,26.9124,75.7873
2022-12-03,967.6266536458334,jaipur,india,26.9124,75.7873
2022-12-04,968.3211555989583,jaipur,india,26.9124,75.7873
2022-12-05,969.843837890625,jaipur,india,26.9124,75.7873
2022-12-06,969.2664453125,jaipur,india,26.9124,75.7873
2022-12-07,968.8225260416666,jaipur,india,26.9124,75.7873
2022-12-08,968.6132259114584,jaipur,india,26.9124,75.7873
2022-12-09,967.6567024739584,jaipur,india,26.9124,75.7873
2022-12-10,968.1269498697917,jaipur,india,26.9124,75.7873
2022-12-11,968.3988411458334,jaipur,india,26.9124,75.7873
2022-12-12,968.0271484374999,jaipur,india,26.9124,75.7873
2022-12-13,969.6691080729166,jaipur,india,26.9124,75.7873
2022-12-14,969.4609082031251,jaipur,india,26.9124,75.7873
2022-12-15,967.4785091145833,jaipur,india,26.9124,75.7873
2022-12-16,967.1546158854167,jaipur,india,26.9124,75.7873
2022-12-17,968.7761360677083,jaipur,india,26.9124,75.7873
2022-12-18,968.23419921875,jaipur,india,26.9124,75.7873
2022-12-19,966.9428190104167,jaipur,india,26.9124,75.7873
2022-12-20,966.3077506510417,jaipur,india,26.9124,75.7873
2022-12-21,967.269716796875,jaipur,india,26.9124,75.7873
2022-12-22,966.6322786458333,jaipur,india,26.9124,75.7873
2022-12-23,966.0078352864583,jaipur,india,26.9124,75.7873
2022-12-24,968.8749674479167,jaipur,india,26.9124,75.7873
2022-12-25,969.5106575520834,jaipur,india,26.9124,75.7873
2022-12-26,971.1909700520833,jaipur,india,26.9124,75.7873
2022-12-27,970.9631119791667,jaipur,india,26.9124,75.7873
2022-12-28,971.190654296875,jaipur,india,26.9124,75.7873
2022-12-29,970.7117415364582,jaipur,india,26.9124,75.7873
2022-12-30,971.9674479166666,jaipur,india,26.9124,75.7873
2022-12-31,972.6662825520833,jaipur,india,26.9124,75.7873
2023-01-01,972.6584602864583,jaipur,india,26.9124,75.7873
2023-01-02,973.5132356770833,jaipur,india,26.9124,75.7873
2023-01-03,974.1623828124999,jaipur,india,26.9124,75.7873
2023-01-04,974.4176725260417,jaipur,india,26.9124,75.7873
2023-01-05,975.4935384114583,jaipur,india,26.9124,75.7873
2023-01-06,975.5566080729167,jaipur,india,26.9124,75.7873
2023-01-07,973.5697526041666,jaipur,india,26.9124,75.7873
2023-01-08,971.6957552083333,jaipur,india,26.9124,75.7873
2023-01-09,972.2990592447917,jaipur,india,26.9124,75.7873
2023-01-10,970.5687760416668,jaipur,india,26.9124,75.7873
2023-01-11,965.969111328125,jaipur,india,26.9124,75.7873
2023-01-12,963.741337890625,jaipur,india,26.9124,75.7873
2023-01-13,966.5608040364583,jaipur,india,26.9124,75.7873
2023-01-14,969.7283040364583,jaipur,india,26.9124,75.7873
2023-01-15,968.6081054687501,jaipur,india,26.9124,75.7873
2023-01-16,969.32806640625,jaipur,india,26.9124,75.7873
2023-01-17,970.023544921875,jaipur,india,26.9124,75.7873
2023-01-18,971.1706380208334,jaipur,india,26.9124,75.7873
2023-01-19,970.0491764322916,jaipur,india,26.9124,75.7873
2023-01-20,969.074375,jaipur,india,26.9124,75.7873
2023-01-21,968.14736328125,jaipur,india,26.9124,75.7873
2023-01-22,967.634052734375,jaipur,india,26.9124,75.7873
2023-01-23,966.4075651041667,jaipur,india,26.9124,75.7873
2023-01-24,965.9262467447917,jaipur,india,26.9124,75.7873
2023-01-25,968.8467317708333,jaipur,india,26.9124,75.7873
2023-01-26,971.0175683593751,jaipur,india,26.9124,75.7873
2023-01-27,970.8920768229167,jaipur,india,26.9124,75.7873
2023-01-28,967.2718424479167,jaipur,india,26.9124,75.7873
2023-01-29,966.05802734375,jaipur,india,26.9124,75.7873
2023-01-30,970.2662792968749,jaipur,india,26.9124,75.7873
2023-01-31,971.8785188802084,jaipur,india,26.9124,75.7873
2023-02-01,970.79359375,jaipur,india,26.9124,75.7873
2023-02-02,970.3047916666666,jaipur,india,26.9124,75.7873
2023-02-03,969.4599153645833,jaipur,india,26.9124,75.7873
2023-02-04,967.2577799479167,jaipur,india,26.9124,75.7873
2023-02-05,965.87927734375,jaipur,india,26.9124,75.7873
2023-02-06,965.2624251302083,jaipur,india,26.9124,75.7873
2023-02-07,966.5013802083334,jaipur,india,26.9124,75.7873
2023-02-08,967.4865201822917,jaipur,india,26.9124,75.7873
2023-02-09,965.7503190104167,jaipur,india,26.9124,75.7873
2023-02-10,964.7643196614584,jaipur,india,26.9124,75.7873
2023-02-11,968.20310546875,jaipur,india,26.9124,75.7873
2023-02-12,971.3224837239583,jaipur,india,26.9124,75.7873
2023-02-13,970.3793619791667,jaipur,india,26.9124,75.7873
2023-02-14,968.9727083333333,jaipur,india,26.9124,75.7873
2023-02-15,967.450126953125,jaipur,india,26.9124,75.7873
2023-02-16,968.2024544270834,jaipur,india,26.9124,75.7873
2023-02-17,968.8978287760416,jaipur,india,26.9124,75.7873
2023-02-18,968.3463509114584,jaipur,india,26.9124,75.7873
2023-02-19,967.0248111979167,jaipur,india,26.9124,75.7873
2023-02-20,964.7888964843751,jaipur,india,26.9124,75.7873
2023-02-21,965.2865266927083,jaipur,india,26.9124,75.7873
2023-02-22,965.8533333333334,jaipur,india,26.9124,75.7873
2023-02-23,966.7070410156251,jaipur,india,26.9124,75.7873
2023-02-24,968.6196907552084,jaipur,india,26.9124,75.7873
2023-02-25,969.6296614583333,jaipur,india,26.9124,75.7873
2023-02-26,970.5598209635417,jaipur,india,26.9124,75.7873
2023-02-27,969.9809895833333,jaipur,india,26.9124,75.7873
2023-02-28,969.8413444010416,jaipur,india,26.9124,75.7873
2023-03-01,971.0333691406249,jaipur,india,26.9124,75.7873
2023-03-02,971.8299446614583,jaipur,india,26.9124,75.7873
2023-03-03,971.7018782552083,jaipur,india,26.9124,75.7873
2023-03-04,971.8749446614584,jaipur,india,26.9124,75.7873
2023-03-05,970.9753548177083,jaipur,india,26.9124,75.7873
2023-03-06,969.0425358072916,jaipur,india,26.9124,75.7873
2023-03-07,968.8243977864582,jaipur,india,26.9124,75.7873
2023-03-08,969.7275716145833,jaipur,india,26.9124,75.7873
2023-03-09,969.9616829427083,jaipur,india,26.9124,75.7873
2023-03-10,968.9828352864583,jaipur,india,26.9124,75.7873
2023-03-11,968.714931640625,jaipur,india,26.9124,75.7873
2023-03-12,967.8265625,jaipur,india,26.9124,75.7873
2023-03-13,965.8726790364584,jaipur,india,26.9124,75.7873
2023-03-14,963.3128841145834,jaipur,india,26.9124,75.7873
2023-03-15,962.480751953125,jaipur,india,26.9124,75.7873
2023-03-16,964.1163639322917,jaipur,india,26.9124,75.7873
2023-03-17,964.8970214843749,jaipur,india,26.9124,75.7873
2023-03-18,963.1640559895833,jaipur,india,26.9124,75.7873
2023-03-19,961.4187109374999,jaipur,india,26.9124,75.7873
2023-03-20,960.8668131510417,jaipur,india,26.9124,75.7873
2023-03-21,962.3600944010417,jaipur,india,26.9124,75.7873
2023-03-22,963.50880859375,jaipur,india,26.9124,75.7873
2023-03-23,962.2348502604167,jaipur,india,26.9124,75.7873
2023-03-24,962.0445475260417,jaipur,india,26.9124,75.7873
2023-03-25,964.7853645833334,jaipur,india,26.9124,75.7873
2023-03-26,964.3888378906249,jaipur,india,26.9124,75.7873
2023-03-27,964.1281477864583,jaipur,india,26.9124,75.7873
2023-03-28,963.6848958333334,jaipur,india,26.9124,75.7873
2023-03-29,963.2760188802084,jaipur,india,26.9124,75.7873
2023-03-30,961.7372688802084,jaipur,india,26.9124,75.7873
2023-03-31,961.9758658854166,jaipur,india,26.9124,75.7873
2023-04-01,962.7531868489583,jaipur,india,26.9124,75.7873
2023-04-02,961.38392578125,jaipur,india,26.9124,75.7873
2023-04-03,960.8774316406251,jaipur,india,26.9124,75.7873
2023-04-04,963.2335384114584,jaipur,india,26.9124,75.7873
2023-04-05,963.6650455729167,jaipur,india,26.9124,75.7873
2023-04-06,965.6862369791667,jaipur,india,26.9124,75.7873
2023-04-07,967.5043912760416,jaipur,india,26.9124,75.7873
2023-04-08,968.1801888020833,jaipur,india,26.9124,75.7873
2023-04-09,967.1405891927084,jaipur,india,26.9124,75.7873
2023-04-10,965.7235026041667,jaipur,india,26.9124,75.7873
2023-04-11,965.7676106770833,jaipur,india,26.9124,75.7873
2023-04-12,964.7194401041667,jaipur,india,26.9124,75.7873
2023-04-13,963.4152734374999,jaipur,india,26.9124,75.7873
2023-04-14,962.5911848958334,jaipur,india,26.9124,75.7873
2023-04-15,961.8799153645833,jaipur,india,26.9124,75.7873
2023-04-16,961.3837858072917,jaipur,india,26.9124,75.7873
2023-04-17,961.98544921875,jaipur,india,26.9124,75.7873
2023-04-18,962.90216796875,jaipur,india,26.9124,75.7873
2023-04-19,959.4896940104167,jaipur,india,26.9124,75.7873
2023-04-20,957.2859765625,jaipur,india,26.9124,75.7873
2023-04-21,958.1759960937501,jaipur,india,26.9124,75.7873
2023-04-22,958.4435546875001,jaipur,india,26.9124,75.7873
2023-04-23,960.5965983072916,jaipur,india,26.9124,75.7873
2023-04-24,963.4826139322917,jaipur,india,26.9124,75.7873
2023-04-25,963.7868880208333,jaipur,india,26.9124,75.7873
2023-04-26,961.7139160156249,jaipur,india,26.9124,75.7873
2023-04-27,961.5120540364583,jaipur,india,26.9124,75.7873
2023-04-28,962.2871223958333,jaipur,india,26.9124,75.7873
2023-04-29,962.0586100260416,jaipur,india,26.9124,75.7873
2023-04-30,960.8189029947916,jaipur,india,26.9124,75.7873
2023-05-01,960.6741178385417,jaipur,india,26.9124,75.7873
2023-05-02,961.9270638020834,jaipur,india,26.9124,75.7873
2023-05-03,962.80849609375,jaipur,india,26.9124,75.7873
2023-05-04,962.3118164062499,jaipur,india,26.9124,75.7873
2023-05-05,960.7758333333333,jaipur,india,26.9124,75.7873
2023-05-06,959.70025390625,jaipur,india,26.9124,75.7873
2023-05-07,959.0203059895833,jaipur,india,26.9124,75.7873
2023-05-08,959.0218066406251,jaipur,india,26.9124,75.7873
2023-05-09,961.0680208333333,jaipur,india,26.9124,75.7873
2023-05-10,960.6521809895834,jaipur,india,26.9124,75.7873
2023-05-11,960.7970833333334,jaipur,india,26.9124,75.7873
2023-05-12,959.5071093749999,jaipur,india,26.9124,75.7873
2023-05-13,958.4087044270833,jaipur,india,26.9124,75.7873
2023-05-14,956.5869238281251,jaipur,india,26.9124,75.7873
2023-05-15,957.573505859375,jaipur,india,26.9124,75.7873
2023-05-16,959.3741764322917,jaipur,india,26.9124,75.7873
2023-05-17,960.69841796875,jaipur,india,26.9124,75.7873
2023-05-18,962.6780989583334,jaipur,india,26.9124,75.7873
2023-05-19,960.699150390625,jaipur,india,26.9124,75.7873
2023-05-20,959.3298958333334,jaipur,india,26.9124,75.7873
2023-05-21,960.0159602864583,jaipur,india,26.9124,75.7873
2023-05-22,960.475810546875,jaipur,india,26.9124,75.7873
2023-05-23,960.0734082031249,jaipur,india,26.9124,75.7873
2023-05-24,959.6551985677083,jaipur,india,26.9124,75.7873
2023-05-25,959.1534342447917,jaipur,india,26.9124,75.7873
2023-05-26,959.8199088541666,jaipur,india,26.9124,75.7873
2023-05-27,959.3305305989584,jaipur,india,26.9124,75.7873
2023-05-28,961.2802180989584,jaipur,india,26.9124,75.7873
2023-05-29,962.5433951822916,jaipur,india,26.9124,75.7873
2023-05-30,962.0934960937501,jaipur,india,26.9124,75.7873
2023-05-31,961.2457779947916,jaipur,india,26.9124,75.7873
2023-06-01,960.0455761718749,jaipur,india,26.9124,75.7873
2023-06-02,959.6260904947917,jaipur,india,26.9124,75.7873
2023-06-03,959.880673828125,jaipur,india,26.9124,75.7873
2023-06-04,959.2711881510417,jaipur,india,26.9124,75.7873
2023-06-05,958.51775390625,jaipur,india,26.9124,75.7873
2023-06-06,957.81333984375,jaipur,india,26.9124,75.7873
2023-06-07,958.056904296875,jaipur,india,26.9124,75.7873
2023-06-08,957.5400618489583,jaipur,india,26.9124,75.7873
2023-06-09,955.3936490885417,jaipur,india,26.9124,75.7873
2023-06-10,955.0376399739583,jaipur,india,26.9124,75.7873
2023-06-11,954.7330598958333,jaipur,india,26.9124,75.7873
2023-06-12,954.7422298177083,jaipur,india,26.9124,75.7873
2023-06-13,955.1098177083333,jaipur,india,26.9124,75.7873
2023-06-14,955.86677734375,jaipur,india,26.9124,75.7873
2023-06-15,956.4056412760416,jaipur,india,26.9124,75.7873
2023-06-16,955.6928222656251,jaipur,india,26.9124,75.7873
2023-06-17,954.4748860677083,jaipur,india,26.9124,75.7873
2023-06-18,950.9238053385417,jaipur,india,26.9124,75.7873
2023-06-19,952.7574869791666,jaipur,india,26.9124,75.7873
2023-06-20,954.7543489583333,jaipur,india,26.9124,75.7873
2023-06-21,955.89015625,jaipur,india,26.9124,75.7873
2023-06-22,955.4748307291667,jaipur,india,26.9124,75.7873
2023-06-23,955.1470703125,jaipur,india,26.9124,75.7873
2023-06-24,954.6979720052083,jaipur,india,26.9124,75.7873
2023-06-25,955.5592838541667,jaipur,india,26.9124,75.7873
2023-06-26,955.51234375,jaipur,india,26.9124,75.7873
2023-06-27,954.6591308593751,jaipur,india,26.9124,75.7873
2023-06-28,955.75693359375,jaipur,india,26.9124,75.7873
2023-06-29,953.9759537760416,jaipur,india,26.9124,75.7873
2023-06-30,953.4462792968751,jaipur,india,26.9124,75.7873
2023-07-01,955.2654134114583,jaipur,india,26.9124,75.7873
2023-07-02,955.6654427083334,jaipur,india,26.9124,75.7873
2023-07-03,954.8987727864583,jaipur,india,26.9124,75.7873
2023-07-04,952.737060546875,jaipur,india,26.9124,75.7873
2023-07-05,952.2756119791667,jaipur,india,26.9124,75.7873
2023-07-06,955.1768066406249,jaipur,india,26.9124,75.7873
2023-07-07,,jaipur,india,26.9124,75.7873
2023-07-08,,jaipur,india,26.9124,75.7873
2023-07-09,,jaipur,india,26.9124,75.7873
2023-07-10,,jaipur,india,26.9124,75.7873
2023-07-11,,jaipur,india,26.9124,75.7873
2023-07-12,954.92005859375,jaipur,india,26.9124,75.7873
2023-07-13,955.4104134114583,jaipur,india,26.9124,75.7873
2023-07-14,956.8302083333333,jaipur,india,26.9124,75.7873
2023-07-15,956.5431673177083,jaipur,india,26.9124,75.7873
2023-07-16,956.2372428385416,jaipur,india,26.9124,75.7873
2023-07-17,955.0748177083333,jaipur,india,26.9124,75.7873
2023-07-18,954.2328450520832,jaipur,india,26.9124,75.7873
2023-07-19,953.9564876302084,jaipur,india,26.9124,75.7873
2023-07-20,954.2731901041666,jaipur,india,26.9124,75.7873
2023-07-21,956.1764192708333,jaipur,india,26.9124,75.7873
2023-07-22,957.2998665364584,jaipur,india,26.9124,75.7873
2023-07-23,956.4814778645833,jaipur,india,26.9124,75.7873
2023-07-24,955.0869433593749,jaipur,india,26.9124,75.7873
2023-07-25,956.2546647135417,jaipur,india,26.9124,75.7873
2023-07-26,956.8005598958333,jaipur,india,26.9124,75.7873
2023-07-27,955.7526074218749,jaipur,india,26.9124,75.7873
2023-07-28,955.2875260416666,jaipur,india,26.9124,75.7873
2023-07-29,955.1646256510417,jaipur,india,26.9124,75.7873
2023-07-30,954.0773470052083,jaipur,india,26.9124,75.7873
2023-07-31,953.910830078125,jaipur,india,26.9124,75.7873
2023-08-01,953.6987662760416,jaipur,india,26.9124,75.7873
2023-08-02,954.286220703125,jaipur,india,26.9124,75.7873
2023-08-03,954.4816927083333,jaipur,india,26.9124,75.7873
2023-08-04,956.4175651041666,jaipur,india,26.9124,75.7873
2023-08-05,957.5166276041667,jaipur,india,26.9124,75.7873
2023-08-06,954.8592578125,jaipur,india,26.9124,75.7873
2023-08-07,953.361484375,jaipur,india,26.9124,75.7873
2023-08-08,955.611708984375,jaipur,india,26.9124,75.7873
2023-08-09,958.2577897135417,jaipur,india,26.9124,75.7873
2023-08-10,959.4125,jaipur,india,26.9124,75.7873
2023-08-11,959.0979459635417,jaipur,india,26.9124,75.7873
2023-08-12,956.9173600260416,jaipur,india,26.9124,75.7873
2023-08-13,955.9111002604167,jaipur,india,26.9124,75.7873
2023-08-14,958.1066243489582,jaipur,india,26.9124,75.7873
2023-08-15,958.9860807291667,jaipur,india,26.9124,75.7873
2023-08-16,959.193154296875,jaipur,india,26.9124,75.7873
2023-08-17,959.0028743489584,jaipur,india,26.9124,75.7873
2023-08-18,957.994404296875,jaipur,india,26.9124,75.7873
2023-08-19,957.2609114583333,jaipur,india,26.9124,75.7873
2023-08-20,957.2133365885417,jaipur,india,26.9124,75.7873
2023-08-21,956.9808138020834,jaipur,india,26.9124,75.7873
2023-08-22,956.1554329427084,jaipur,india,26.9124,75.7873
2023-08-23,955.4693815104166,jaipur,india,26.9124,75.7873
2023-08-24,954.8098697916666,jaipur,india,26.9124,75.7873
2023-08-25,955.7827636718749,jaipur,india,26.9124,75.7873
2023-08-26,957.6012565104166,jaipur,india,26.9124,75.7873
2023-08-27,957.3114811197917,jaipur,india,26.9124,75.7873
2023-08-28,957.5789485677083,jaipur,india,26.9124,75.7873
2023-08-29,959.5306640625,jaipur,india,26.9124,75.7873
2023-08-30,960.5799609375,jaipur,india,26.9124,75.7873
2023-08-31,961.1452571614583,jaipur,india,26.9124,75.7873
2023-09-01,961.0247623697916,jaipur,india,26.9124,75.7873
2023-09-02,960.1618977864583,jaipur,india,26.9124,75.7873
2023-09-03,958.73427734375,jaipur,india,26.9124,75.7873
2023-09-04,957.9517415364584,jaipur,india,26.9124,75.7873
2023-09-05,958.0520638020834,jaipur,india,26.9124,75.7873
2023-09-06,959.1521940104167,jaipur,india,26.9124,75.7873
2023-09-07,958.356845703125,jaipur,india,26.9124,75.7873
2023-09-08,957.8689615885418,jaipur,india,26.9124,75.7873
2023-09-09,957.0229589843749,jaipur,india,26.9124,75.7873
2023-09-10,955.59076171875,jaipur,india,26.9124,75.7873
2023-09-11,955.8758333333334,jaipur,india,26.9124,75.7873
2023-09-12,956.8359798177083,jaipur,india,26.9124,75.7873
2023-09-13,957.0568033854166,jaipur,india,26.9124,75.7873
2023-09-14,957.9980761718749,jaipur,india,26.9124,75.7873
2023-09-15,958.6845768229167,jaipur,india,26.9124,75.7873
2023-09-16,956.588740234375,jaipur,india,26.9124,75.7873
2023-09-17,953.5525000000001,jaipur,india,26.9124,75.7873
2023-09-18,955.8702506510417,jaipur,india,26.9124,75.7873
2023-09-19,959.9104069010417,jaipur,india,26.9124,75.7873
2023-09-20,960.4575325520833,jaipur,india,26.9124,75.7873
2023-09-21,959.7141243489583,jaipur,india,26.9124,75.7873
2023-09-22,959.9843326822917,jaipur,india,26.9124,75.7873
2023-09-23,960.3137858072918,jaipur,india,26.9124,75.7873
2023-09-24,959.92810546875,jaipur,india,26.9124,75.7873
2023-09-25,960.5796484375,jaipur,india,26.9124,75.7873
2023-09-26,961.3821842447916,jaipur,india,26.9124,75.7873
2023-09-27,961.2394531250001,jaipur,india,26.9124,75.7873
2023-09-28,961.0521484375,jaipur,india,26.9124,75.7873
2023-09-29,961.032490234375,jaipur,india,26.9124,75.7873
2023-09-30,960.717099609375,jaipur,india,26.9124,75.7873
2023-10-01,960.3712174479166,jaipur,india,26.9124,75.7873
2023-10-02,,jaipur,india,26.9124,75.7873
2023-10-03,,jaipur,india,26.9124,75.7873
2023-10-04,,jaipur,india,26.9124,75.7873
2023-10-05,,jaipur,india,26.9124,75.7873
2023-10-06,,jaipur,india,26.9124,75.7873
2023-10-07,,jaipur,india,26.9124,75.7873
2023-10-08,,jaipur,india,26.9124,75.7873
2023-10-09,,jaipur,india,26.9124,75.7873
2023-10-10,,jaipur,india,26.9124,75.7873
2023-10-11,,jaipur,india,26.9124,75.7873
2023-10-12,965.9648470052083,jaipur,india,26.9124,75.7873
2023-10-13,966.3003287760416,jaipur,india,26.9124,75.7873
2023-10-14,965.6398372395834,jaipur,india,26.9124,75.7873
2023-10-15,963.9429069010416,jaipur,india,26.9124,75.7873
2023-10-16,964.9919270833334,jaipur,india,26.9124,75.7873
2023-10-17,967.5920312500001,jaipur,india,26.9124,75.7873
2023-10-18,968.6260384114584,jaipur,india,26.9124,75.7873
2023-10-19,968.3370442708333,jaipur,india,26.9124,75.7873
2023-10-20,968.7073990885416,jaipur,india,26.9124,75.7873
2023-10-21,968.9413736979167,jaipur,india,26.9124,75.7873
2023-10-22,968.8263411458333,jaipur,india,26.9124,75.7873
2023-10-23,967.83873046875,jaipur,india,26.9124,75.7873
2023-10-24,967.537744140625,jaipur,india,26.9124,75.7873
2023-10-25,968.4123828124999,jaipur,india,26.9124,75.7873
2023-10-26,968.1286718749999,jaipur,india,26.9124,75.7873
2023-10-27,966.8767708333334,jaipur,india,26.9124,75.7873
2023-10-28,967.2667805989582,jaipur,india,26.9124,75.7873
2023-10-29,967.0814322916667,jaipur,india,26.9124,75.7873
2023-10-30,967.4759733072916,jaipur,india,26.9124,75.7873
2023-10-31,968.8997037760417,jaipur,india,26.9124,75.7873
2023-11-01,968.964443359375,jaipur,india,26.9124,75.7873
2023-11-02,967.5554231770834,jaipur,india,26.9124,75.7873
2023-11-03,965.6576367187499,jaipur,india,26.9124,75.7873
2023-11-04,966.1575455729167,jaipur,india,26.9124,75.7873
2023-11-05,967.4461100260418,jaipur,india,26.9124,75.7873
2023-11-06,968.4651692708334,jaipur,india,26.9124,75.7873
2023-11-07,967.6984147135416,jaipur,india,26.9124,75.7873
2023-11-08,967.1511555989583,jaipur,india,26.9124,75.7873
2023-11-09,967.5801302083333,jaipur,india,26.9124,75.7873
2023-11-10,968.8710807291667,jaipur,india,26.9124,75.7873
2023-11-11,971.4782845052083,jaipur,india,26.9124,75.7873
2023-11-12,971.3663671875,jaipur,india,26.9124,75.7873
2023-11-13,970.7249837239583,jaipur,india,26.9124,75.7873
2023-11-14,970.5541080729167,jaipur,india,26.9124,75.7873
2023-11-15,970.1736197916666,jaipur,india,26.9124,75.7873
2023-11-16,971.4230533854167,jaipur,india,26.9124,75.7873
2023-11-17,,jaipur,india,26.9124,75.7873
2023-11-18,,jaipur,india,26.9124,75.7873
2023-11-19,,jaipur,india,26.9124,75.7873
2023-11-20,,jaipur,india,26.9124,75.7873
2023-11-21,,jaipur,india,26.9124,75.7873
2023-11-22,,jaipur,india,26.9124,75.7873
2023-11-23,,jaipur,india,26.9124,75.7873
2023-11-24,,jaipur,india,26.9124,75.7873
2023-11-25,,jaipur,india,26.9124,75.7873
2023-11-26,,jaipur,india,26.9124,75.7873
2023-11-27,,jaipur,india,26.9124,75.7873
2023-11-28,,jaipur,india,26.9124,75.7873
2023-11-29,,jaipur,india,26.9124,75.7873
2023-11-30,,jaipur,india,26.9124,75.7873
2023-12-01,,jaipur,india,26.9124,75.7873
2023-12-02,,jaipur,india,26.9124,75.7873
2023-12-03,,jaipur,india,26.9124,75.7873
2023-12-04,,jaipur,india,26.9124,75.7873
2023-12-05,,jaipur,india,26.9124,75.7873
2023-12-06,,jaipur,india,26.9124,75.7873
2023-12-07,,jaipur,india,26.9124,75.7873
2023-12-08,,jaipur,india,26.9124,75.7873
2023-12-09,,jaipur,india,26.9124,75.7873
2023-12-10,,jaipur,india,26.9124,75.7873
2023-12-11,,jaipur,india,26.9124,75.7873
2023-12-12,,jaipur,india,26.9124,75.7873
2023-12-13,,jaipur,india,26.9124,75.7873
2023-12-14,,jaipur,india,26.9124,75.7873
2023-12-15,,jaipur,india,26.9124,75.7873
2023-12-16,,jaipur,india,26.9124,75.7873
2023-12-17,,jaipur,india,26.9124,75.7873
2023-12-18,,jaipur,india,26.9124,75.7873
2023-12-19,,jaipur,india,26.9124,75.7873
2023-12-20,,jaipur,india,26.9124,75.7873
2023-12-21,,jaipur,india,26.9124,75.7873
2023-12-22,,jaipur,india,26.9124,75.7873
2023-12-23,,jaipur,india,26.9124,75.7873
2023-12-24,,jaipur,india,26.9124,75.7873
2023-12-25,,jaipur,india,26.9124,75.7873
2023-12-26,,jaipur,india,26.9124,75.7873
2023-12-27,,jaipur,india,26.9124,75.7873
2023-12-28,,jaipur,india,26.9124,75.7873
2023-12-29,,jaipur,india,26.9124,75.7873
2023-12-30,,jaipur,india,26.9124,75.7873
2023-12-31,,jaipur,india,26.9124,75.7873
2024-01-01,,jaipur,india,26.9124,75.7873
2024-01-02,,jaipur,india,26.9124,75.7873
2024-01-03,,jaipur,india,26.9124,75.7873
2024-01-04,,jaipur,india,26.9124,75.7873
2024-01-05,,jaipur,india,26.9124,75.7873
2024-01-06,,jaipur,india,26.9124,75.7873
2024-01-07,,jaipur,india,26.9124,75.7873
2024-01-08,,jaipur,india,26.9124,75.7873
2024-01-09,,jaipur,india,26.9124,75.7873
2024-01-10,,jaipur,india,26.9124,75.7873
2024-01-11,,jaipur,india,26.9124,75.7873
2024-01-12,970.0828776041667,jaipur,india,26.9124,75.7873
2024-01-13,969.2072623697917,jaipur,india,26.9124,75.7873
2024-01-14,969.6012923177083,jaipur,india,26.9124,75.7873
2024-01-15,968.7910970052084,jaipur,india,26.9124,75.7873
2024-01-16,966.429296875,jaipur,india,26.9124,75.7873
2024-01-17,966.7662239583333,jaipur,india,26.9124,75.7873
2024-01-18,969.26810546875,jaipur,india,26.9124,75.7873
2024-01-19,970.1320540364583,jaipur,india,26.9124,75.7873
2024-01-20,970.74814453125,jaipur,india,26.9124,75.7873
2024-01-21,970.7996386718751,jaipur,india,26.9124,75.7873
2024-01-22,971.3636002604167,jaipur,india,26.9124,75.7873
2024-01-23,969.9791145833333,jaipur,india,26.9124,75.7873
2024-01-24,970.6103548177083,jaipur,india,26.9124,75.7873
2024-01-25,,jaipur,india,26.9124,75.7873
2024-01-26,,jaipur,india,26.9124,75.7873
2024-01-27,,jaipur,india,26.9124,75.7873
2024-01-28,,jaipur,india,26.9124,75.7873
2024-01-29,,jaipur,india,26.9124,75.7873
2024-01-30,,jaipur,india,26.9124,75.7873
2024-01-31,,jaipur,india,26.9124,75.7873
2024-02-01,,jaipur,india,26.9124,75.7873
2024-02-02,,jaipur,india,26.9124,75.7873
2024-02-03,,jaipur,india,26.9124,75.7873
2024-02-04,,jaipur,india,26.9124,75.7873
2024-02-05,,jaipur,india,26.9124,75.7873
2024-02-06,,jaipur,india,26.9124,75.7873
2024-02-07,,jaipur,india,26.9124,75.7873
2024-02-08,,jaipur,india,26.9124,75.7873
2024-02-09,,jaipur,india,26.9124,75.7873
2024-02-10,,jaipur,india,26.9124,75.7873
2024-02-11,,jaipur,india,26.9124,75.7873
2024-02-12,,jaipur,india,26.9124,75.7873
2024-02-13,,jaipur,india,26.9124,75.7873
2024-02-14,,jaipur,india,26.9124,75.7873
2024-02-15,,jaipur,india,26.9124,75.7873
2024-02-16,,jaipur,india,26.9124,75.7873
2024-02-17,,jaipur,india,26.9124,75.7873
2024-02-18,,jaipur,india,26.9124,75.7873
2024-02-19,,jaipur,india,26.9124,75.7873
2024-02-20,,jaipur,india,26.9124,75.7873
2024-02-21,,jaipur,india,26.9124,75.7873
2024-02-22,,jaipur,india,26.9124,75.7873
2024-02-23,,jaipur,india,26.9124,75.7873
2024-02-24,,jaipur,india,26.9124,75.7873
2024-02-25,,jaipur,india,26.9124,75.7873
2024-02-26,,jaipur,india,26.9124,75.7873
2024-02-27,,jaipur,india,26.9124,75.7873
2024-02-28,,jaipur,india,26.9124,75.7873
2024-02-29,,jaipur,india,26.9124,75.7873
2024-03-01,,jaipur,india,26.9124,75.7873
2024-03-02,,jaipur,india,26.9124,75.7873
2024-03-03,,jaipur,india,26.9124,75.7873
2024-03-04,,jaipur,india,26.9124,75.7873
2024-03-05,,jaipur,india,26.9124,75.7873
2024-03-06,,jaipur,india,26.9124,75.7873
2024-03-07,,jaipur,india,26.9124,75.7873
2024-03-08,,jaipur,india,26.9124,75.7873
2024-03-09,,jaipur,india,26.9124,75.7873
2024-03-10,,jaipur,india,26.9124,75.7873
2024-03-11,,jaipur,india,26.9124,75.7873
2024-03-12,,jaipur,india,26.9124,75.7873
2024-03-13,,jaipur,india,26.9124,75.7873
2024-03-14,,jaipur,india,26.9124,75.7873
2024-03-15,,jaipur,india,26.9124,75.7873
2024-03-16,,jaipur,india,26.9124,75.7873
2024-03-17,,jaipur,india,26.9124,75.7873
2024-03-18,,jaipur,india,26.9124,75.7873
2024-03-19,,jaipur,india,26.9124,75.7873
2024-03-20,,jaipur,india,26.9124,75.7873
2024-03-21,,jaipur,india,26.9124,75.7873
2024-03-22,,jaipur,india,26.9124,75.7873
2024-03-23,,jaipur,india,26.9124,75.7873
2024-03-24,,jaipur,india,26.9124,75.7873
2024-03-25,,jaipur,india,26.9124,75.7873
2024-03-26,,jaipur,india,26.9124,75.7873
2024-03-27,,jaipur,india,26.9124,75.7873
2024-03-28,,jaipur,india,26.9124,75.7873
2024-03-29,,jaipur,india,26.9124,75.7873
2024-03-30,,jaipur,india,26.9124,75.7873
2024-03-31,,jaipur,india,26.9124,75.7873
2024-04-01,,jaipur,india,26.9124,75.7873
2024-04-02,,jaipur,india,26.9124,75.7873
2024-04-03,,jaipur,india,26.9124,75.7873
2024-04-04,,jaipur,india,26.9124,75.7873
2024-04-05,,jaipur,india,26.9124,75.7873
2024-04-06,,jaipur,india,26.9124,75.7873
2024-04-07,,jaipur,india,26.9124,75.7873
2024-04-08,,jaipur,india,26.9124,75.7873
2024-04-09,,jaipur,india,26.9124,75.7873
2024-04-10,,jaipur,india,26.9124,75.7873
2024-04-11,,jaipur,india,26.9124,75.7873
2024-04-12,,jaipur,india,26.9124,75.7873
2024-04-13,962.8000651041666,jaipur,india,26.9124,75.7873
2024-04-14,965.1003938802083,jaipur,india,26.9124,75.7873
2024-04-15,965.7942708333334,jaipur,india,26.9124,75.7873
2024-04-16,964.6154752604167,jaipur,india,26.9124,75.7873
2024-04-17,963.212587890625,jaipur,india,26.9124,75.7873
2024-04-18,961.1217968750001,jaipur,india,26.9124,75.7873
2024-04-19,958.943525390625,jaipur,india,26.9124,75.7873
2024-04-20,959.6631347656249,jaipur,india,26.9124,75.7873
2024-04-21,959.7980208333333,jaipur,india,26.9124,75.7873
2024-04-22,960.6379850260417,jaipur,india,26.9124,75.7873
2024-04-23,959.6130273437501,jaipur,india,26.9124,75.7873
2024-04-24,960.0861848958333,jaipur,india,26.9124,75.7873
2024-04-25,959.704287109375,jaipur,india,26.9124,75.7873
2024-04-26,959.1693847656251,jaipur,india,26.9124,75.7873
2024-04-27,,jaipur,india,26.9124,75.7873
2024-04-28,,jaipur,india,26.9124,75.7873
2024-04-29,,jaipur,india,26.9124,75.7873
2024-04-30,,jaipur,india,26.9124,75.7873
2024-05-01,,jaipur,india,26.9124,75.7873
2024-05-02,,jaipur,india,26.9124,75.7873
2024-05-03,,jaipur,india,26.9124,75.7873
2024-05-04,,jaipur,india,26.9124,75.7873
2024-05-05,,jaipur,india,26.9124,75.7873
2024-05-06,,jaipur,india,26.9124,75.7873
2024-05-07,,jaipur,india,26.9124,75.7873
2024-05-08,,jaipur,india,26.9124,75.7873
2024-05-09,,jaipur,india,26.9124,75.7873
2024-05-10,,jaipur,india,26.9124,75.7873
2024-05-11,,jaipur,india,26.9124,75.7873
2024-05-12,,jaipur,india,26.9124,75.7873
2024-05-13,,jaipur,india,26.9124,75.7873
2024-05-14,,jaipur,india,26.9124,75.7873
2024-05-15,,jaipur,india,26.9124,75.7873
2024-05-16,,jaipur,india,26.9124,75.7873
2024-05-17,,jaipur,india,26.9124,75.7873
2024-05-18,,jaipur,india,26.9124,75.7873
2024-05-19,,jaipur,india,26.9124,75.7873
2024-05-20,,jaipur,india,26.9124,75.7873
2024-05-21,,jaipur,india,26.9124,75.7873
2024-05-22,,jaipur,india,26.9124,75.7873
2024-05-23,,jaipur,india,26.9124,75.7873
2024-05-24,,jaipur,india,26.9124,75.7873
2024-05-25,,jaipur,india,26.9124,75.7873
2024-05-26,,jaipur,india,26.9124,75.7873
2024-05-27,,jaipur,india,26.9124,75.7873
2024-05-28,,jaipur,india,26.9124,75.7873
2024-05-29,,jaipur,india,26.9124,75.7873
2024-05-30,,jaipur,india,26.9124,75.7873
2024-05-31,,jaipur,india,26.9124,75.7873
2024-06-01,,jaipur,india,26.9124,75.7873
2024-06-02,,jaipur,india,26.9124,75.7873
2024-06-03,,jaipur,india,26.9124,75.7873
2024-06-04,,jaipur,india,26.9124,75.7873
2024-06-05,,jaipur,india,26.9124,75.7873
2024-06-06,,jaipur,india,26.9124,75.7873
2024-06-07,,jaipur,india,26.9124,75.7873
2024-06-08,,jaipur,india,26.9124,75.7873
2024-06-09,,jaipur,india,26.9124,75.7873
2024-06-10,,jaipur,india,26.9124,75.7873
2024-06-11,,jaipur,india,26.9124,75.7873
2024-06-12,,jaipur,india,26.9124,75.7873
2024-06-13,,jaipur,india,26.9124,75.7873
2024-06-14,,jaipur,india,26.9124,75.7873
2024-06-15,,jaipur,india,26.9124,75.7873
2024-06-16,,jaipur,india,26.9124,75.7873
2024-06-17,,jaipur,india,26.9124,75.7873
2024-06-18,,jaipur,india,26.9124,75.7873
2024-06-19,,jaipur,india,26.9124,75.7873
2024-06-20,,jaipur,india,26.9124,75.7873
2024-06-21,,jaipur,india,26.9124,75.7873
2024-06-22,,jaipur,india,26.9124,75.7873
2024-06-23,,jaipur,india,26.9124,75.7873
2024-06-24,,jaipur,india,26.9124,75.7873
2024-06-25,,jaipur,india,26.9124,75.7873
2024-06-26,,jaipur,india,26.9124,75.7873
2024-06-27,,jaipur,india,26.9124,75.7873
2024-06-28,,jaipur,india,26.9124,75.7873
2024-06-29,,jaipur,india,26.9124,75.7873
2024-06-30,,jaipur,india,26.9124,75.7873
2024-07-01,,jaipur,india,26.9124,75.7873
2024-07-02,,jaipur,india,26.9124,75.7873
2024-07-03,,jaipur,india,26.9124,75.7873
2024-07-04,,jaipur,india,26.9124,75.7873
2024-07-05,,jaipur,india,26.9124,75.7873
2024-07-06,,jaipur,india,26.9124,75.7873
2024-07-07,,jaipur,india,26.9124,75.7873
2024-07-08,,jaipur,india,26.9124,75.7873
2024-07-09,,jaipur,india,26.9124,75.7873
2024-07-10,,jaipur,india,26.9124,75.7873
2024-07-11,,jaipur,india,26.9124,75.7873
2024-07-12,,jaipur,india,26.9124,75.7873
2024-07-13,,jaipur,india,26.9124,75.7873
2024-07-14,,jaipur,india,26.9124,75.7873
2024-07-15,,jaipur,india,26.9124,75.7873
2024-07-16,,jaipur,india,26.9124,75.7873
2024-07-17,,jaipur,india,26.9124,75.7873
2024-07-18,,jaipur,india,26.9124,75.7873
2024-07-19,,jaipur,india,26.9124,75.7873
2024-07-20,,jaipur,india,26.9124,75.7873
2024-07-21,,jaipur,india,26.9124,75.7873
2024-07-22,,jaipur,india,26.9124,75.7873
2024-07-23,,jaipur,india,26.9124,75.7873
2024-07-24,,jaipur,india,26.9124,75.7873
2024-07-25,,jaipur,india,26.9124,75.7873
2024-07-26,,jaipur,india,26.9124,75.7873
2024-07-27,,jaipur,india,26.9124,75.7873
2024-07-28,,jaipur,india,26.9124,75.7873
2024-07-29,,jaipur,india,26.9124,75.7873
2024-07-30,,jaipur,india,26.9124,75.7873
2024-07-31,,jaipur,india,26.9124,75.7873
2024-08-01,,jaipur,india,26.9124,75.7873
2024-08-02,,jaipur,india,26.9124,75.7873
2024-08-03,,jaipur,india,26.9124,75.7873
2024-08-04,,jaipur,india,26.9124,75.7873
2024-08-05,,jaipur,india,26.9124,75.7873
2024-08-06,,jaipur,india,26.9124,75.7873
2024-08-07,,jaipur,india,26.9124,75.7873
2024-08-08,,jaipur,india,26.9124,75.7873
2024-08-09,,jaipur,india,26.9124,75.7873
2024-08-10,,jaipur,india,26.9124,75.7873
2024-08-11,,jaipur,india,26.9124,75.7873
2024-08-12,,jaipur,india,26.9124,75.7873
2024-08-13,,jaipur,india,26.9124,75.7873
2024-08-14,,jaipur,india,26.9124,75.7873
2024-08-15,,jaipur,india,26.9124,75.7873
2024-08-16,,jaipur,india,26.9124,75.7873
2024-08-17,,jaipur,india,26.9124,75.7873
2024-08-18,,jaipur,india,26.9124,75.7873
2024-08-19,,jaipur,india,26.9124,75.7873
2024-08-20,,jaipur,india,26.9124,75.7873
2024-08-21,,jaipur,india,26.9124,75.7873
2024-08-22,,jaipur,india,26.9124,75.7873
2024-08-23,,jaipur,india,26.9124,75.7873
2024-08-24,,jaipur,india,26.9124,75.7873
2024-08-25,,jaipur,india,26.9124,75.7873
2024-08-26,,jaipur,india,26.9124,75.7873
2024-08-27,,jaipur,india,26.9124,75.7873
2024-08-28,,jaipur,india,26.9124,75.7873
2024-08-29,,jaipur,india,26.9124,75.7873
2024-08-30,,jaipur,india,26.9124,75.7873
2024-08-31,,jaipur,india,26.9124,75.7873
2024-09-01,,jaipur,india,26.9124,75.7873
2024-09-02,,jaipur,india,26.9124,75.7873
2024-09-03,,jaipur,india,26.9124,75.7873
2024-09-04,,jaipur,india,26.9124,75.7873
2024-09-05,,jaipur,india,26.9124,75.7873
2024-09-06,,jaipur,india,26.9124,75.7873
2024-09-07,,jaipur,india,26.9124,75.7873
2024-09-08,,jaipur,india,26.9124,75.7873
2024-09-09,,jaipur,india,26.9124,75.7873
2024-09-10,,jaipur,india,26.9124,75.7873
2024-09-11,,jaipur,india,26.9124,75.7873
2024-09-12,,jaipur,india,26.9124,75.7873
2024-09-13,,jaipur,india,26.9124,75.7873
2024-09-14,,jaipur,india,26.9124,75.7873
2024-09-15,,jaipur,india,26.9124,75.7873
2024-09-16,,jaipur,india,26.9124,75.7873
2024-09-17,,jaipur,india,26.9124,75.7873
2024-09-18,,jaipur,india,26.9124,75.7873
2024-09-19,,jaipur,india,26.9124,75.7873
2024-09-20,,jaipur,india,26.9124,75.7873
2024-09-21,,jaipur,india,26.9124,75.7873
2024-09-22,,jaipur,india,26.9124,75.7873
2024-09-23,,jaipur,india,26.9124,75.7873
2024-09-24,,jaipur,india,26.9124,75.7873
2024-09-25,,jaipur,india,26.9124,75.7873
2024-09-26,,jaipur,india,26.9124,75.7873
2024-09-27,,jaipur,india,26.9124,75.7873
2024-09-28,,jaipur,india,26.9124,75.7873
2024-09-29,,jaipur,india,26.9124,75.7873
2024-09-30,,jaipur,india,26.9124,75.7873
2024-10-01,,jaipur,india,26.9124,75.7873
2024-10-02,,jaipur,india,26.9124,75.7873
2024-10-03,,jaipur,india,26.9124,75.7873
2024-10-04,,jaipur,india,26.9124,75.7873
2024-10-05,,jaipur,india,26.9124,75.7873
2024-10-06,,jaipur,india,26.9124,75.7873
2024-10-07,,jaipur,india,26.9124,75.7873
2024-10-08,,jaipur,india,26.9124,75.7873
2024-10-09,,jaipur,india,26.9124,75.7873
2024-10-10,,jaipur,india,26.9124,75.7873
2024-10-11,,jaipur,india,26.9124,75.7873
2024-10-12,,jaipur,india,26.9124,75.7873
2024-10-13,,jaipur,india,26.9124,75.7873
2024-10-14,,jaipur,india,26.9124,75.7873
2024-10-15,,jaipur,india,26.9124,75.7873
2024-10-16,,jaipur,india,26.9124,75.7873
2024-10-17,,jaipur,india,26.9124,75.7873
2024-10-18,,jaipur,india,26.9124,75.7873
2024-10-19,,jaipur,india,26.9124,75.7873
2024-10-20,,jaipur,india,26.9124,75.7873
2024-10-21,,jaipur,india,26.9124,75.7873
2024-10-22,,jaipur,india,26.9124,75.7873
2024-10-23,,jaipur,india,26.9124,75.7873
2024-10-24,,jaipur,india,26.9124,75.7873
2024-10-25,,jaipur,india,26.9124,75.7873
2024-10-26,,jaipur,india,26.9124,75.7873
2024-10-27,,jaipur,india,26.9124,75.7873
2024-10-28,,jaipur,india,26.9124,75.7873
2024-10-29,,jaipur,india,26.9124,75.7873
2024-10-30,,jaipur,india,26.9124,75.7873
2024-10-31,,jaipur,india,26.9124,75.7873
2024-11-01,,jaipur,india,26.9124,75.7873
2024-11-02,,jaipur,india,26.9124,75.7873
2024-11-03,,jaipur,india,26.9124,75.7873
2024-11-04,,jaipur,india,26.9124,75.7873
2024-11-05,,jaipur,india,26.9124,75.7873
2024-11-06,,jaipur,india,26.9124,75.7873
2024-11-07,,jaipur,india,26.9124,75.7873
2024-11-08,,jaipur,india,26.9124,75.7873
2024-11-09,,jaipur,india,26.9124,75.7873
2024-11-10,,jaipur,india,26.9124,75.7873
2024-11-11,,jaipur,india,26.9124,75.7873
2024-11-12,,jaipur,india,26.9124,75.7873
2024-11-13,,jaipur,india,26.9124,75.7873
2024-11-14,,jaipur,india,26.9124,75.7873
2024-11-15,,jaipur,india,26.9124,75.7873
2024-11-16,,jaipur,india,26.9124,75.7873
2024-11-17,,jaipur,india,26.9124,75.7873
2024-11-18,,jaipur,india,26.9124,75.7873
2024-11-19,,jaipur,india,26.9124,75.7873
2024-11-20,,jaipur,india,26.9124,75.7873
2024-11-21,,jaipur,india,26.9124,75.7873
2024-11-22,,jaipur,india,26.9124,75.7873
2024-11-23,,jaipur,india,26.9124,75.7873
2024-11-24,,jaipur,india,26.9124,75.7873
2024-11-25,,jaipur,india,26.9124,75.7873
2024-11-26,,jaipur,india,26.9124,75.7873
2024-11-27,,jaipur,india,26.9124,75.7873
2024-11-28,,jaipur,india,26.9124,75.7873
2024-11-29,,jaipur,india,26.9124,75.7873
2024-11-30,,jaipur,india,26.9124,75.7873
2024-12-01,,jaipur,india,26.9124,75.7873
2024-12-02,,jaipur,india,26.9124,75.7873
2024-12-03,,jaipur,india,26.9124,75.7873
2024-12-04,,jaipur,india,26.9124,75.7873
2024-12-05,,jaipur,india,26.9124,75.7873
2024-12-06,,jaipur,india,26.9124,75.7873
2024-12-07,,jaipur,india,26.9124,75.7873
2024-12-08,,jaipur,india,26.9124,75.7873
2024-12-09,,jaipur,india,26.9124,75.7873
2024-12-10,,jaipur,india,26.9124,75.7873
2024-12-11,,jaipur,india,26.9124,75.7873
2024-12-12,,jaipur,india,26.9124,75.7873
2024-12-13,,jaipur,india,26.9124,75.7873
2024-12-14,,jaipur,india,26.9124,75.7873
2024-12-15,,jaipur,india,26.9124,75.7873
2024-12-16,,jaipur,india,26.9124,75.7873
2024-12-17,,jaipur,india,26.9124,75.7873
2024-12-18,,jaipur,india,26.9124,75.7873
2024-12-19,,jaipur,india,26.9124,75.7873
2024-12-20,,jaipur,india,26.9124,75.7873
2024-12-21,,jaipur,india,26.9124,75.7873
2024-12-22,,jaipur,india,26.9124,75.7873
2024-12-23,,jaipur,india,26.9124,75.7873
2024-12-24,,jaipur,india,26.9124,75.7873
2024-12-25,,jaipur,india,26.9124,75.7873
2024-12-26,,jaipur,india,26.9124,75.7873
2024-12-27,,jaipur,india,26.9124,75.7873
2024-12-28,,jaipur,india,26.9124,75.7873
2024-12-29,,jaipur,india,26.9124,75.7873
2024-12-30,,jaipur,india,26.9124,75.7873
2024-12-31,,jaipur,india,26.9124,75.7873
